1;Alexandra;Adrian;28.04.2005;"Women's World";home: +7(933)015-57-28;work: +7(988)170-82-74;
2;Fred;Coleman;13.02.1955;"Workers";home: +7(900)458-22-85;
3;Alex;Marshman;02.01.1981;"Madam";home: +7(912)538-35-95;
4;Sofia;Vaughan;23.02.1961;"Orlando";home: +7(901)815-40-68;work: +7(989)846-04-76;self: +7(923)912-23-39;
5;Brooke;Warren;13.06.2000;"Titan";home: +7(969)639-91-90;work: +7(997)183-14-61;self: +7(931)292-31-75;
6;Emily;Winter;03.07.1992;"Rif Town";home: +7(988)775-15-34;
7;Miles;Mathews;28.04.1979;"Pops";home: +7(998)878-55-80;
8;Caroline;WifKinson;01.03.1981;"Acropolis";home: +7(996)553-90-02;
9;Agatha;Little;01.05.2005;"Your Delight Sweet Friday";home: +7(915)175-24-84;work: +7(973)211-55-71;self: +7(946)340-16-57;
10;Abraham;Ryder;14.03.1979;"Not only blondes";home: +7(977)405-39-12;
11;Amanda;Leapman;26.06.1960;"Glaze ";home: +7(982)381-99-06;work: +7(936)752-01-19;
12;Gerld;Kennedy;18.04.1975;"Titan";home: +7(971)155-11-18;work: +7(944)168-19-65;
13;Leonora;MacAdam;13.11.1960;"Alfa +";home: +7(963)433-05-35;
14;Sharon;Watson;05.11.1997;"MegaPort";home: +7(903)718-17-44;work: +7(936)305-03-14;self: +7(914)053-44-69;
15;Nancy;Gill;12.11.2005;"Titan";home: +7(954)426-13-58;
16;Alexis;Black;29.05.1951;"Mega King";home: +7(900)728-73-53;
17;Kayla;Dunce;02.01.1998;"Day";home: +7(963)765-66-16;work: +7(989)102-18-75;self: +7(905)426-05-37;
18;Carter;Roberts;24.09.2003;"Our gatherings";home: +7(996)735-72-87;work: +7(919)424-55-05;self: +7(988)670-29-01;
19;Luccile;Blare;29.01.1975;"Mega King";home: +7(922)072-70-75;work: +7(901)819-05-80;self: +7(908)577-38-33;
20;Brooke;Peterson;18.02.1982;"Box-Lollipop";home: +7(998)876-17-08;
21;Cody;Stanley;17.06.1999;"Delight";home: +7(932)599-44-61;work: +7(933)555-39-14;self: +7(927)115-79-36;
22;Herbert;Sykes;24.12.1984;"Orlando";home: +7(972)332-97-87;
23;Monica;Macduff;14.02.1989;"Alfa";home: +7(953)688-58-27;
24;Lynn;Sykes;15.08.1957;"Box-Lollipop";home: +7(967)995-39-19;work: +7(997)957-78-45;
25;Margaret;Quincy;04.11.1993;"Like we have on fire";home: +7(905)606-52-38;work: +7(963)979-63-54;
26;Sydney;Lewin;09.13.1983;"Golden";home: +7(918)230-94-24;work: +7(987)279-66-14;
27;Eric;Thornton;12.07.1989;"Luxury";home: +7(986)116-31-29;
28;Trinity;Allford;13.06.1979;"Love";home: +7(904)793-29-83;work: +7(988)960-97-08;self: +7(979)989-45-71;
29;Samuel;Stephen;10.01.1983;"Big Bee";home: +7(917)281-32-76;
30;Nathaniel;Salisburry;21.12.1989;"Tumblers";home: +7(990)597-34-66;
31;Neil;Hoggarth;04.09.2001;"Girlfriends";home: +7(975)890-32-94;work: +7(960)469-45-15;
32;Gabriella;Shackley;14.06.1989;"Gatherings";home: +7(998)684-23-22;work: +7(904)855-59-42;self: +7(930)997-59-21;
33;John;Erickson;11.12.1961;"Teremok";home: +7(937)769-45-74;work: +7(925)997-61-64;self: +7(911)179-54-34;
34;Mary;Saunder;21.09.1959;"Finam";home: +7(912)058-48-78;work: +7(946)171-76-39;
35;Victoria;Bosworth;21.08.1974;"Light";home: +7(912)057-73-05;work: +7(956)317-78-23;
36;Autumn;Benson;26.12.1988;"Joy";home: +7(931)344-72-29;work: +7(919)083-50-90;self: +7(924)499-94-54;
37;Jaden;Day;21.05.2002;"Pony";home: +7(952)947-63-52;work: +7(961)957-07-33;self: +7(954)918-26-21;
38;Sophia;Hawkins;25.13.1969;"Iris";home: +7(966)059-71-48;work: +7(935)986-73-85;self: +7(933)357-68-88;
39;Anita;Thornton;26.04.1990;"Milady";home: +7(954)485-90-67;work: +7(958)706-22-32;self: +7(953)638-73-03;
40;Michael;Neal;19.12.1968;"М1";home: +7(965)850-27-73;
41;Delia;Carey;20.05.1965;"Manna";home: +7(900)220-47-70;
42;Roger;Davidson;25.11.1950;"Rif Town";home: +7(946)360-43-85;work: +7(922)814-49-71;self: +7(904)694-63-71;
43;Howard;Kennedy;13.04.1971;"Sweet";home: +7(964)604-43-49;work: +7(988)663-44-01;self: +7(913)979-15-89;
44;Gerld;MacAlister;12.11.1972;"1000 islands";home: +7(992)533-74-93;work: +7(935)914-21-77;
45;Stephanie;Murphy;10.04.1996;"Titan";home: +7(990)055-12-65;
46;Shirley;Warren;17.12.1979;"Ocean";home: +7(991)025-22-57;work: +7(903)819-95-82;self: +7(930)607-13-17;
47;Amelia;Gibbs;14.03.1968;"Diesel";home: +7(998)780-65-98;work: +7(937)493-74-71;self: +7(989)186-29-17;
48;Jessica;Enderson;07.07.1975;"Acropolis";home: +7(973)046-74-44;
49;Mason;Francis;02.06.1983;"Paradise";home: +7(901)105-21-16;work: +7(942)564-91-86;self: +7(919)215-14-42;
50;Marjorie;Alsopp;15.03.1971;"Bee";home: +7(947)351-36-98;
51;Leonars;Nevill;07.08.1989;"Light";home: +7(950)284-13-55;
52;Kayla;Stevenson;04.02.1974;"Grandee";home: +7(908)780-52-56;work: +7(933)238-66-37;
53;Dominic;Freeman;22.07.1996;"Confiture";home: +7(947)254-50-96;
54;Gladys;Durham;27.08.1981;"Turn";home: +7(934)898-86-37;
55;Audrey;Farmer;10.04.1983;"Madam";home: +7(960)331-98-10;work: +7(932)428-93-20;self: +7(936)160-33-53;
56;Kimberly;Gilmore;16.13.1968;"Tumblers";home: +7(911)822-57-28;work: +7(910)061-13-32;self: +7(999)150-63-58;
57;Bailey;Campbell;17.08.1980;"Delight";home: +7(939)541-88-35;work: +7(925)385-38-19;self: +7(996)932-62-21;
58;Mackenzie;Mason;27.10.1980;"Eve";home: +7(948)061-47-12;
59;Anita;Pass;22.10.1995;"Teremok";home: +7(904)572-62-53;
60;Kayla;Vance;06.11.1969;"Confetti";home: +7(912)415-81-17;work: +7(996)566-69-76;self: +7(989)893-68-76;
61;Louis;Coleman;25.05.1962;"Bee";home: +7(952)596-62-47;work: +7(988)679-58-69;
62;Anita;Francis;23.11.1980;"Persey";home: +7(919)327-49-89;work: +7(940)813-57-67;
63;Lawrence;Youmans;25.12.1953;"Women's World";home: +7(902)923-15-73;work: +7(964)248-61-40;
64;Wyatt;Ellington;09.07.1952;"М1";home: +7(901)524-11-50;work: +7(928)368-42-42;self: +7(949)455-58-65;
65;Dylan;Adrian;09.10.2003;"Finam";home: +7(911)989-34-85;work: +7(983)063-04-80;
66;Harry;Charlson;07.10.1989;"Port";home: +7(937)606-26-78;work: +7(929)781-84-41;
67;Sebastian;Flatcher	;19.06.1969;"BizLand";home: +7(992)024-55-01;work: +7(915)815-09-45;self: +7(983)156-10-10;
68;Sybil;Gimson;10.02.1960;"Pony";home: +7(917)458-52-52;
69;Bryan;Timmons;20.11.1978;"Crazy";home: +7(916)369-57-52;work: +7(920)592-01-22;self: +7(970)742-13-83;
70;Jennifer;Fulton;13.09.1965;"Sweet";home: +7(937)644-70-74;
71;Joshua;Wayne;04.01.1991;"Orlando";home: +7(974)943-33-28;
72;Violet;Gill;20.12.1969;"Indelante";home: +7(956)329-72-97;work: +7(979)440-59-88;
73;Jordan;Salomon;08.10.1978;"Delight";home: +7(913)548-64-23;work: +7(964)496-84-06;self: +7(965)699-39-41;
74;Neil;Walter;07.01.1987;"Cleopatra";home: +7(930)767-75-44;work: +7(930)049-01-20;
75;Diego;Dutton;01.05.1965;"Chocolate";home: +7(989)482-40-13;work: +7(956)918-15-03;self: +7(920)242-96-84;
76;Ariana;Morrison;18.08.1964;"Assol";home: +7(948)233-23-92;work: +7(943)272-63-45;self: +7(988)147-38-02;
77;Joyce;Evans;27.05.1973;"ActCorp";home: +7(952)994-03-33;
78;Justin;Fitzgerald;21.02.1973;"Turn";home: +7(949)637-79-01;work: +7(920)497-86-45;
79;Steven;Crossman;27.02.1965;"Sirius";home: +7(998)099-95-47;
80;Charles;Duncan;20.03.1980;"Girlfriends";home: +7(923)724-32-99;work: +7(996)650-78-09;
81;Aidan;Davidson;19.01.1972;"Tumblers";home: +7(939)963-34-15;
82;Ann;Otis;17.01.1970;"Milady";home: +7(909)234-87-45;work: +7(905)372-49-36;self: +7(901)642-31-78;
83;Gabriel;WifKinson;02.07.1967;"Violet";home: +7(974)005-60-22;work: +7(936)234-54-89;
84;Diego;Jeff;27.11.1961;"Confetti";home: +7(941)454-19-72;
85;Haley;Richards;05.05.1995;"Girlfriends";home: +7(914)218-32-32;
86;Claire;Kirk;10.13.1963;"Pops";home: +7(993)436-13-01;work: +7(976)719-69-88;
87;Isabel;Hailey;07.11.2001;"Lady";home: +7(968)484-03-39;work: +7(947)476-19-95;self: +7(949)020-54-06;
88;Aidan;Fleming;25.01.1951;"MegaKorp";home: +7(921)488-50-32;work: +7(964)012-51-61;
89;Lynn;Carey;19.10.1974;"Titan";home: +7(980)529-43-56;
90;Christian;Alsopp;03.08.1987;"ActCorp";home: +7(969)265-06-03;
91;Graham;Longman;23.11.1957;"Orlando";home: +7(930)993-20-50;work: +7(979)587-91-53;self: +7(991)845-58-43;
92;Mackenzie;Creighton;19.06.1997;"Vavilon";home: +7(932)531-99-72;work: +7(952)813-62-89;
93;Catherine;Watson;26.08.1980;"Acropolis";home: +7(927)687-27-52;
94;Mackenzie;Kendal;24.09.1955;"Acropolis";home: +7(923)454-81-32;work: +7(920)146-91-00;
95;Carl;Ward;16.09.1987;"Inspiration";home: +7(963)415-14-84;work: +7(902)717-82-10;
96;Aaliyah;Addington;13.02.1954;"Toffee";home: +7(939)710-36-11;work: +7(935)035-46-31;self: +7(936)516-62-17;
97;James;Conors;03.09.1999;"Girlfriends";home: +7(950)744-38-66;work: +7(900)754-96-15;
98;James;Farmer;15.02.1980;"Roses";home: +7(916)974-54-00;work: +7(972)320-10-10;self: +7(908)928-34-77;
99;Miguel;Calhoun;16.04.1971;"Planet";home: +7(962)576-59-87;work: +7(984)933-76-88;
100;Michael;Oliver;19.06.1967;"Hairpin";home: +7(946)141-97-28;
101;Jonathan;Gardner;21.06.1983;"Point";home: +7(936)857-44-61;work: +7(910)379-71-73;self: +7(958)401-59-69;
102;Wallace;Carroll;28.06.1956;"Bee";home: +7(953)690-63-67;work: +7(920)936-33-80;
103;Delia;Davidson;03.02.1997;"Interest";home: +7(938)583-15-09;work: +7(980)649-00-11;self: +7(979)068-42-89;
104;Geoffrey;Duncan;24.11.1969;"Hive";home: +7(949)672-12-16;
105;Jacob;Warren;25.04.1970;"М1";home: +7(933)032-97-61;
106;Michelle;Oldridge;24.12.2000;"Luxury";home: +7(903)720-32-71;work: +7(995)791-45-67;self: +7(900)634-69-07;
107;Diego;Shorter	Simon;20.06.1965;"Bee";home: +7(902)776-91-18;work: +7(903)315-88-44;self: +7(921)771-27-07;
108;Angel;Crossman;07.09.1976;"Girlfriends";home: +7(931)969-23-91;work: +7(958)036-35-08;
109;Sara;Palmer;13.08.1981;"ActCorp";home: +7(940)643-37-39;work: +7(980)891-30-03;
110;Peter;Ramacey;25.07.1964;"Sweet";home: +7(979)146-04-89;work: +7(984)308-13-24;self: +7(940)492-95-87;
111;Erin;Bishop;29.10.1981;"Rif Town";home: +7(953)110-78-77;
112;Thomas;Nelson;26.03.1991;"Aurora";home: +7(968)381-13-01;work: +7(923)998-63-72;
113;Rebecca;Gilmore;15.08.1983;"Our gatherings";home: +7(938)286-03-77;work: +7(929)119-76-43;
114;Ethan;Holmes;21.03.1976;"Our gatherings";home: +7(975)423-77-30;
115;Margaret;Mansfield;17.13.1991;"Paradise";home: +7(963)338-45-11;work: +7(984)671-05-45;self: +7(990)210-42-14;
116;Isabel;Foster;27.04.2003;"Yoke";home: +7(995)279-32-37;work: +7(967)866-40-56;self: +7(931)576-34-40;
117;Cecilia;Peacock;01.10.1964;"Our gatherings";home: +7(996)638-93-01;work: +7(918)495-70-23;self: +7(951)919-87-36;
118;Walter;Jones;22.10.1965;"Titan";home: +7(959)727-29-73;
119;Sheila;Aldridge;23.07.1973;"Magnat";home: +7(997)730-45-39;work: +7(928)409-42-25;self: +7(922)412-21-13;
120;Allison;Kingsman;22.09.1959;"Delight";home: +7(963)065-41-35;work: +7(992)820-50-52;
121;Bernard;Youmans;02.06.1978;"Aphrodite";home: +7(999)512-77-58;work: +7(956)417-16-30;
122;Jenna;Campbell;13.04.1991;"Aphrodite";home: +7(994)501-17-66;work: +7(910)893-02-96;
123;Clifford;Birch;20.04.1966;"MegaPort";home: +7(910)668-29-86;work: +7(972)575-60-04;
124;Xavier   ;Pass;05.09.1987;"Orlando";home: +7(915)784-87-61;work: +7(908)674-06-94;self: +7(924)521-23-55;
125;Audrey;Faber;29.11.2001;"City Dweller";home: +7(908)232-89-05;work: +7(980)615-84-47;
126;Gavin;Walkman;17.02.1991;"Brandyck";home: +7(912)846-81-41;work: +7(961)348-88-23;
127;Gabriel;Larkins;09.11.1981;"Mega brand";home: +7(935)551-38-63;work: +7(907)138-80-08;self: +7(988)533-99-53;
128;Jaden;Walkman;01.05.1979;"Planet";home: +7(980)637-61-40;work: +7(910)571-47-12;
129;Albert;Gibbs;06.04.1975;"EuroPlan";home: +7(994)108-04-67;work: +7(979)255-70-23;self: +7(998)581-33-51;
130;Lauren;Watson;28.12.1985;"Your Delight Sweet Friday";home: +7(908)446-68-12;work: +7(919)894-77-24;self: +7(948)996-67-34;
131;Avery;Philips;28.08.1998;"Mega brand";home: +7(990)428-14-96;work: +7(939)300-92-03;
132;Seth;Little;23.05.1951;"Sweet";home: +7(937)264-25-17;
133;Carter;Gill;26.07.1960;"М1";home: +7(977)205-84-26;
134;Ralph;Andrews;22.02.1964;"BizLand";home: +7(944)696-01-74;work: +7(980)571-67-02;
135;Tyler;Cook;07.11.1964;"Lally";home: +7(980)434-68-37;
136;Anita;Salisburry;03.02.1953;"BizLand";home: +7(951)696-96-35;work: +7(934)761-39-25;
137;Eric;MacDonald;07.05.1953;"Lady";home: +7(974)029-30-99;
138;Norman;Wood;22.06.1961;"Chocolate";home: +7(952)481-85-56;work: +7(962)248-00-01;
139;Brian;Molligan;27.13.1954;"Big Bee";home: +7(903)495-33-89;work: +7(915)349-92-17;
140;Alfred;Salisburry;13.09.1971;"Hive";home: +7(905)673-48-62;
141;Haley;Johnson;10.06.1968;"Madam";home: +7(909)821-45-78;work: +7(940)881-45-21;
142;Diego;Peterson;18.11.1979;"Babylon";home: +7(998)759-42-71;work: +7(979)776-65-74;
143;Kyle;Vance;11.04.1987;"Aurora";home: +7(952)060-26-39;work: +7(901)478-86-38;self: +7(917)071-65-81;
144;Colin;Osborne;10.06.1952;"Palace";home: +7(965)180-57-17;work: +7(940)814-34-68;self: +7(957)951-23-35;
145;Pauline;Black;01.07.1971;"Confetti";home: +7(937)760-88-49;work: +7(972)840-03-54;
146;Alexandra;Leapman;19.05.1957;"Port";home: +7(949)764-25-49;work: +7(978)318-43-60;self: +7(970)086-14-05;
147;Ian;Wayne;24.04.1967;"Hive";home: +7(904)124-56-04;work: +7(998)220-60-66;self: +7(985)631-39-41;
148;Savannah;Kingsman;24.11.1958;"Dream";home: +7(949)297-73-24;work: +7(927)829-85-48;
149;Amelia;Ralphs;04.04.1954;"Vavilon";home: +7(953)047-76-14;work: +7(910)778-69-95;
150;Mabel;Bargeman;14.02.1966;"Port";home: +7(942)522-10-32;work: +7(945)932-31-58;self: +7(916)870-05-51;
151;Elijah;James;24.03.1977;"Home";home: +7(927)235-89-84;
152;Kevin;Flannagan;27.02.1966;"Stylish and strong";home: +7(946)309-91-19;
153;Nicole;Kennett;27.11.1966;"Luxury";home: +7(943)073-63-09;work: +7(917)788-14-01;
154;Rodrigo;Michaelson;16.08.2004;"Confiture";home: +7(953)426-93-44;work: +7(964)664-86-31;self: +7(998)877-02-52;
155;Francis;Macduff;03.11.1980;"Tumblers";home: +7(961)197-63-94;
156;Aaliyah;Donaldson;14.04.1994;"Tumblers";home: +7(951)649-46-85;work: +7(944)259-65-32;self: +7(951)060-47-83;
157;Timothy;Dodson;16.05.1954;"Brandyck";home: +7(905)006-35-55;work: +7(949)277-39-69;
158;Graham;Laird;11.08.1974;"Branded";home: +7(906)883-88-83;work: +7(944)419-50-26;
159;Brianna;Black;09.05.2005;"М1";home: +7(942)165-91-21;work: +7(999)816-42-77;self: +7(963)374-64-60;
160;George;Nelson;20.06.1961;"Ocean";home: +7(958)984-58-12;
161;Lewis;Attwood;13.13.1975;"Box-Lollipop";home: +7(952)705-70-12;work: +7(939)739-28-48;
162;Rebecca;Nelson;27.02.1955;"Not only blondes";home: +7(977)439-56-39;
163;Kaylee;Adderiy;28.11.1958;"Not only blondes";home: +7(991)092-91-45;work: +7(940)050-50-95;self: +7(983)222-37-16;
164;Vanessa;Winter;06.05.1954;"Sweet";home: +7(910)489-95-78;
165;Sophia;Warren;28.01.1972;"Day";home: +7(904)711-54-09;work: +7(941)561-03-29;self: +7(941)424-89-87;
166;Kathryn;Charlson;11.05.1965;"Chocolate";home: +7(994)326-43-90;work: +7(913)233-79-45;
167;Abraham;Oldridge;02.11.1971;"Confetti";home: +7(975)755-20-32;work: +7(991)516-70-19;self: +7(982)337-95-22;
168;Cyrus;Vaughan;10.07.1994;"Glaze ";home: +7(932)984-93-42;work: +7(956)333-95-26;self: +7(985)726-43-87;
169;Matthew;Dyson;21.07.2002;"Box-Lollipop";home: +7(995)242-98-04;
170;Albert;Taylor;23.06.1996;"Babylon";home: +7(904)076-15-56;work: +7(970)691-85-60;self: +7(934)076-09-78;
171;Linda;Mackenzie;13.09.1952;"SKY LINE";home: +7(968)418-87-16;work: +7(910)371-21-14;
172;Malcolm;Forster;03.03.1975;"Confetti";home: +7(967)879-86-95;work: +7(948)089-24-87;
173;Sarah;Bosworth;14.04.1983;"Pops";home: +7(996)998-27-08;work: +7(930)947-04-89;self: +7(914)380-59-29;
174;Christian;Cramer;06.11.1957;"Delight";home: +7(990)797-60-18;work: +7(995)876-24-03;self: +7(986)484-94-50;
175;Riley;Gate;27.04.1972;"Port";home: +7(985)548-22-85;
176;Rebecca;Jones;11.08.1978;"Assol";home: +7(924)917-54-93;work: +7(986)574-70-79;
177;Sheila;Nyman;01.06.1962;"Orlando";home: +7(902)835-19-30;work: +7(989)850-69-57;self: +7(988)611-41-68;
178;Grace;Harrison;21.12.1951;"Confetti";home: +7(911)230-74-86;
179;Connor;Hoggarth;22.12.1985;"Brandyck";home: +7(944)262-52-07;work: +7(958)939-79-05;self: +7(944)563-49-15;
180;Donald;Charlson;13.06.1962;"Light";home: +7(914)942-74-00;work: +7(952)777-60-69;self: +7(904)489-82-10;
181;Cecilia;Francis;18.01.1973;"Board of Directors";home: +7(913)095-22-11;work: +7(979)787-03-13;self: +7(977)868-52-35;
182;Rachel;Douglas;26.01.2002;"Point";home: +7(952)319-61-13;work: +7(966)956-47-74;self: +7(976)825-15-44;
183;Austin;Harrison;08.09.1978;"Your Delight Sweet Friday";home: +7(982)798-41-35;work: +7(922)175-57-97;
184;Winifred;Cook;13.04.1992;"Not just a business";home: +7(934)241-50-80;work: +7(927)170-10-26;
185;Mary;Dean;24.02.1972;"Palace";home: +7(910)856-36-76;work: +7(925)515-82-42;
186;George;White;28.09.1952;"Grandee";home: +7(986)226-69-19;work: +7(975)818-70-88;self: +7(910)645-87-57;
187;Gabriella;Salomon;18.11.1990;"Light";home: +7(974)553-40-17;work: +7(936)135-10-12;self: +7(997)578-99-32;
188;Alexander;Howard;11.12.1974;"Brandyck";home: +7(950)910-17-61;work: +7(938)417-07-45;self: +7(943)038-05-65;
189;Jonathan;Babcock;02.06.1987;"City Dweller";home: +7(956)081-53-07;work: +7(978)731-23-78;
190;Erin;Mathews;17.05.1965;"Success";home: +7(914)193-60-68;
191;Daniel;Oldridge;17.02.2000;"Bee";home: +7(981)994-50-57;work: +7(902)186-35-54;self: +7(924)788-81-89;
192;Carlos;Nevill;08.13.1980;"Workers";home: +7(945)443-32-90;work: +7(942)721-62-94;self: +7(926)174-30-97;
193;Alex;Oldridge;14.04.1999;"Interest";home: +7(935)578-73-34;work: +7(908)224-69-41;
194;Andrew;Adderiy;24.04.1963;"Milady";home: +7(983)508-70-66;work: +7(949)095-33-51;self: +7(908)089-39-31;
195;Simon;Leman;19.13.1998;"Alfa";home: +7(915)118-14-82;work: +7(939)437-01-02;
196;Alan;Bush;15.11.1969;"Girlfriends";home: +7(993)702-39-03;
197;Winifred;Oldman;20.12.1999;"MegaKorp";home: +7(903)535-22-16;work: +7(930)017-07-52;self: +7(947)245-17-70;
198;Sheila;Fleming;05.12.1979;"Little";home: +7(929)346-98-10;
199;Harry;Gimson;03.04.1954;"MegaPort";home: +7(914)201-51-16;work: +7(947)960-66-63;
200;Charles;Vance;08.02.1976;"Aphrodite";home: +7(947)798-77-11;
201;Melanie;Haig;03.04.1985;"Girlfriends";home: +7(912)460-08-94;work: +7(923)153-46-49;self: +7(924)463-29-22;
202;Gabriella;Dodson;04.07.1959;"Inspiration";home: +7(949)200-25-22;
203;Nicole;Marshman;22.13.2003;"Orlando";home: +7(910)810-59-44;work: +7(925)104-20-71;self: +7(960)251-05-10;
204;Carl;Hardman;14.12.1952;"Interest";home: +7(968)290-88-13;work: +7(901)921-75-95;self: +7(991)863-49-40;
205;Philip;Kelly;15.13.1992;"Stylish and strong";home: +7(906)798-61-46;
206;Leah;Bush;09.09.1990;"Sirius";home: +7(968)349-94-02;
207;Nicholas;Shorter	Simon;27.04.1977;"Pleasure";home: +7(928)030-22-11;work: +7(943)962-96-10;
208;Dennis;Longman;01.03.1988;"Port";home: +7(993)773-11-49;work: +7(943)194-21-34;self: +7(910)533-81-10;
209;Jayden;Daniels;07.02.1950;"1000 islands";home: +7(955)019-73-45;work: +7(922)770-70-76;
210;Celia;Shackley;01.07.1978;"Joy";home: +7(985)457-74-70;work: +7(999)935-01-55;self: +7(982)069-01-90;
211;Mildred;Walter;01.07.1975;"Teremok";home: +7(967)909-41-29;
212;Sybil;Brooks;15.06.1982;"Dream";home: +7(951)130-26-59;
213;Alan;Leapman;23.03.1972;"City Dweller";home: +7(988)016-95-25;
214;Lawrence;Audley;09.09.1994;"Grandee";home: +7(922)245-67-15;work: +7(930)837-65-69;self: +7(911)247-86-27;
215;Jackson;White;22.01.1967;"Vavilon";home: +7(928)746-20-52;
216;Austin;Addington;02.02.1967;"Bee";home: +7(906)436-08-57;work: +7(921)146-04-11;self: +7(941)999-78-05;
217;Claire;Quincy;07.04.1950;"Aphrodite";home: +7(946)384-23-93;work: +7(907)588-46-96;self: +7(914)764-19-21;
218;Oliver;Parson;16.02.2002;"Violet";home: +7(958)035-94-33;work: +7(946)915-02-54;
219;Julia;Evans;28.08.1988;"Assol";home: +7(969)227-44-11;work: +7(966)307-25-43;self: +7(920)857-02-31;
220;Catherine;Adrian;19.03.1967;"BizLand";home: +7(966)985-97-56;work: +7(945)056-33-60;self: +7(989)486-91-18;
221;Kylie;Roberts;04.13.1957;"Manna";home: +7(972)081-17-75;
222;Edward;Dutton;17.03.1953;"Interest";home: +7(997)173-21-24;work: +7(974)852-16-72;
223;Juan;Tracey;08.02.1981;"Lally";home: +7(973)844-22-55;
224;Aidan;Austin;22.05.1959;"Titan";home: +7(938)400-27-15;work: +7(925)060-56-02;self: +7(947)503-70-96;
225;Devin;Mason;29.11.1963;"SKY LINE";home: +7(993)659-19-81;work: +7(952)622-82-33;self: +7(926)838-10-79;
226;Miguel;Roberts;15.05.1963;"Confiture";home: +7(971)869-57-28;work: +7(935)689-61-48;self: +7(951)554-62-09;
227;Hugh;Peacock;10.09.1976;"Crazy";home: +7(960)710-42-16;
228;Florence;Becker;27.05.1953;"Madam";home: +7(982)171-92-37;
229;Chloe;Adamson;26.07.2000;"Planet";home: +7(959)600-44-65;work: +7(906)473-11-56;self: +7(908)794-11-67;
230;Dylan;Sherlock;09.01.1951;"Light";home: +7(997)345-77-67;work: +7(907)975-31-31;
231;Joshua;Peacock;19.07.1954;"М1";home: +7(947)260-66-91;work: +7(933)790-85-55;
232;Ryan;Palmer;24.01.1956;"Violet";home: +7(944)214-23-60;work: +7(972)460-27-37;
233;Leah;Crossman;21.13.1972;"Violet";home: +7(973)968-70-64;work: +7(956)521-07-21;
234;Anthony;Erickson;19.09.1976;"Workers";home: +7(972)456-01-83;
235;Bernard;Keat;13.03.2001;"Fortuna";home: +7(987)712-69-42;work: +7(911)140-15-03;
236;Thomas;Ayrton;29.09.1957;"Pops";home: +7(965)307-83-62;work: +7(971)305-97-69;self: +7(902)481-05-52;
237;Tyler;Mackenzie;23.13.1951;"Mega brand";home: +7(916)732-20-58;
238;Rosalind;Faber;15.08.1980;"Aphrodite";home: +7(936)466-37-24;
239;Bruce;Macey;01.06.2001;"Roksolana";home: +7(916)593-92-62;
240;Fred;Osborne;02.02.1961;"Turn";home: +7(961)891-62-03;work: +7(996)362-43-86;
241;Oscar;Ward;04.09.1986;"Crazy";home: +7(975)785-93-80;work: +7(997)286-32-93;self: +7(942)425-35-96;
242;Jessica;Barnes;23.13.1972;"Lally";home: +7(902)655-98-18;
243;Mabel;Faber;28.02.2003;"Ocean";home: +7(975)994-66-38;work: +7(901)608-74-25;
244;Lucy;Andrews;21.13.1975;"Delight";home: +7(949)760-04-88;work: +7(925)893-67-29;self: +7(997)245-97-19;
245;Geoffrey;Gustman;19.06.1950;"Crazy";home: +7(983)450-35-35;work: +7(921)540-78-91;self: +7(915)607-97-51;
246;Gilbert;Kelly;04.05.1964;"Finam";home: +7(931)003-70-74;work: +7(987)458-00-78;self: +7(979)684-00-09;
247;Luccile;Tracey;27.03.1953;"Mir World";home: +7(991)232-30-76;
248;Ann;Gimson;07.03.1988;"Teremok";home: +7(942)640-74-07;
249;Leslie;Daniels;13.10.2003;"MegaPort";home: +7(979)142-14-82;work: +7(912)686-22-79;
250;Adrian;Lamberts;09.01.2000;"Planet";home: +7(926)604-76-83;
251;Freda;Hamphrey;11.12.1984;"Crazy";home: +7(901)832-13-24;work: +7(944)639-92-10;
252;Cecilia;Ward;03.12.1978;"Aurora";home: +7(976)341-05-49;
253;Simon;Milton;02.02.1952;"Indelante";home: +7(996)368-95-77;work: +7(952)080-70-47;self: +7(976)615-10-57;
254;Adam;Chapman;14.05.1998;"Diesel";home: +7(938)833-37-18;work: +7(946)020-97-63;
255;Miguel;Francis;12.03.1987;"Ocean";home: +7(925)384-95-93;work: +7(901)245-02-15;
256;Ryan;Dyson;21.02.1964;"EuroPlan";home: +7(964)813-19-02;work: +7(922)441-77-08;
257;Helen;Shorter	Simon;16.01.1953;"Magnat";home: +7(978)217-75-58;work: +7(910)820-22-67;
258;James;Holiday;16.05.1953;"Titan";home: +7(981)006-35-67;work: +7(981)636-87-89;self: +7(984)274-60-67;
259;William;Aldridge;19.06.2003;"Assol";home: +7(901)029-88-37;work: +7(948)711-09-27;
260;Deborah;Gill;14.07.1982;"Hive";home: +7(961)552-60-49;work: +7(978)959-75-94;
261;Taylor;Parkinson;07.12.1993;"Hive";home: +7(903)200-94-03;work: +7(932)128-24-95;
262;Kaylee;Evans;21.08.2003;"Babylon";home: +7(917)929-99-30;work: +7(960)100-45-27;
263;Nicholas;Bootman;07.04.1955;"Interest";home: +7(994)529-19-65;work: +7(909)634-02-36;self: +7(973)532-06-65;
264;Juan;Bishop;29.06.1995;"Stylish and strong";home: +7(953)617-28-88;work: +7(911)050-83-75;
265;Harry;Oakman;23.04.1970;"Crazy";home: +7(982)895-99-49;
266;Isabel;Michaelson;22.05.2001;"Victory";home: +7(956)849-64-39;work: +7(910)256-64-93;self: +7(979)443-20-92;
267;Hunter;Conors;07.10.1992;"Workers";home: +7(906)216-12-76;
268;Florence;Jones;26.05.2003;"Teremok";home: +7(910)968-85-89;
269;Lawrence;Macduff;17.05.1976;"Luxury";home: +7(940)002-78-71;work: +7(953)885-98-80;
270;Gabrielle;Ellington;28.09.1951;"MegaKorp";home: +7(900)729-10-47;
271;Alfred;Warren;03.02.1972;"Grandee";home: +7(906)363-96-91;work: +7(907)412-13-39;
272;Daisy;Higgins;06.03.1990;"EuroPlan";home: +7(961)884-44-88;work: +7(968)154-91-40;
273;Timothy;Fleming;06.03.1970;"Day";home: +7(995)379-98-68;work: +7(973)748-34-95;self: +7(903)230-36-38;
274;Melissa;Wallace;12.10.1977;"Crazy";home: +7(918)379-26-54;
275;Katelyn;Babcock;29.11.1988;"Ocean";home: +7(961)080-75-43;work: +7(913)165-46-77;self: +7(947)576-58-06;
276;Patrick;Ryder;15.07.1966;"Interest";home: +7(907)190-55-41;work: +7(932)128-72-43;
277;Priscilla;Tracey;25.06.1988;"Diesel";home: +7(963)601-82-43;
278;Ian;Jones;24.07.1983;"Luxury";home: +7(934)446-14-25;
279;Dennis;Oliver;07.10.1991;"1000 islands";home: +7(914)988-60-74;
280;Alyssa;Andrews;16.11.1989;"Board of Directors";home: +7(960)299-07-36;work: +7(999)814-45-56;
281;Adam;Albertson;28.11.1968;"Teremok";home: +7(935)615-08-49;
282;Nicholas;Parkinson;13.11.1962;"Tumblers";home: +7(978)534-81-10;work: +7(958)928-51-81;
283;Ada;Stanley;12.10.1972;"Hive";home: +7(939)851-52-94;
284;Ashley;Gerald;10.11.1985;"Choco";home: +7(972)109-73-09;
285;Arianna;Albertson;08.05.1971;"Little";home: +7(978)249-30-97;
286;Grace;Murphy;15.03.1977;"Confetti";home: +7(964)747-32-17;work: +7(994)977-25-60;self: +7(950)899-73-81;
287;Nathan;Foster;19.03.2001;"Babylon";home: +7(920)460-03-81;work: +7(937)456-58-76;self: +7(925)543-73-15;
288;Destiny;Watson;23.04.1991;"Grandee";home: +7(999)319-72-80;work: +7(961)608-99-00;
289;Julia;Goldman;16.04.1984;"Diesel";home: +7(913)495-42-55;
290;Antonio;Donaldson;15.13.1954;"Ocean";home: +7(925)900-59-91;
291;Deborah;Berrington;10.01.1959;"Lesya";home: +7(921)578-60-18;
292;Molly;Oakman;11.10.1997;"Confiture";home: +7(936)145-78-92;
293;Xavier   ;Palmer;14.01.2000;"Tumblers";home: +7(941)568-48-51;work: +7(989)548-43-64;
294;Oliver;Jacobson;27.09.1995;"ActCorp";home: +7(976)515-97-39;work: +7(946)457-66-98;
295;Adrian;Duncan;20.06.1971;"Grandee";home: +7(949)056-16-80;
296;Daisy;Douglas;16.02.2005;"Temptation";home: +7(936)888-82-89;
297;Christian;Ramacey;11.11.1966;"Palace";home: +7(955)034-24-19;work: +7(937)191-07-80;self: +7(906)676-10-17;
298;Jesse;Day;11.09.1977;"Bee";home: +7(961)461-68-77;work: +7(952)704-66-65;
299;Samuel;Erickson;12.12.1950;"Girlfriends";home: +7(902)670-67-09;
300;Ada;Shackley;07.01.2001;"Your Delight Sweet Friday";home: +7(956)902-90-62;
301;Stephanie;Palmer;09.11.1950;"Delight";home: +7(912)862-46-21;work: +7(945)949-78-08;
302;Arianna;Forster;26.13.2000;"Glaze ";home: +7(996)556-10-76;
303;Rose;Bootman;16.08.1998;"Fortuna";home: +7(900)017-12-34;work: +7(987)367-11-14;self: +7(901)348-75-58;
304;Xavier   ;Timmons;23.11.2000;"Point";home: +7(965)659-29-13;work: +7(996)885-71-82;self: +7(910)295-87-11;
305;Kaitlyn;Tracey;28.12.1969;"Bee";home: +7(994)322-53-72;work: +7(949)254-29-05;self: +7(922)865-13-84;
306;Cody;Black;02.05.1960;"Finam";home: +7(992)263-11-72;work: +7(985)862-36-86;self: +7(950)706-63-57;
307;Leah;MacAdam;01.08.1970;"Magnat";home: +7(905)372-49-29;work: +7(936)132-79-61;
308;Isabel;Blare;07.05.1980;"Box-Lollipop";home: +7(911)146-78-90;work: +7(994)497-94-66;
309;Rosalind;Gimson;22.05.1965;"Cleopatra";home: +7(937)474-00-63;
310;Nicholas;Backer;27.11.1959;"Women's World";home: +7(912)872-23-97;work: +7(947)198-21-87;self: +7(920)338-52-40;
311;Howard;Palmer;23.02.1960;"EuroPlan";home: +7(996)126-96-14;work: +7(900)073-64-10;
312;Sophia;Archibald;18.08.1969;"Hairpin";home: +7(923)421-40-07;work: +7(961)557-60-02;self: +7(974)028-03-60;
313;Julia;Croftoon;28.03.1976;"Maybe";home: +7(981)693-24-59;work: +7(981)007-36-44;self: +7(937)138-84-13;
314;Brooke;Audley;18.02.1970;"Assol";home: +7(925)845-10-84;work: +7(910)545-94-54;
315;George;Day;26.06.1996;"Pony";home: +7(945)860-06-16;work: +7(958)106-62-49;self: +7(903)393-33-59;
316;Jordan;Nash;01.04.1979;"Love";home: +7(932)347-04-58;work: +7(980)150-47-80;self: +7(920)093-56-60;
317;Marisa;Winter;03.09.1995;"Assol";home: +7(935)421-53-37;work: +7(906)769-18-20;self: +7(957)237-69-42;
318;Elijah;Holmes;07.06.1976;"Pony";home: +7(967)172-27-94;work: +7(910)273-53-24;self: +7(916)146-28-68;
319;Christian;Marshman;19.11.1958;"Workers";home: +7(993)531-22-60;work: +7(992)959-26-16;
320;Aaron;Taylor;17.03.1988;"Chocolate";home: +7(955)016-64-83;
321;Jada;Barnes;27.11.1990;"Persey";home: +7(962)420-43-48;work: +7(967)721-73-89;
322;Lucy;Clifford;16.06.1959;"Delight";home: +7(933)366-42-07;
323;Jocelyn;Roger;22.07.1963;"Mega brand";home: +7(927)182-76-09;work: +7(940)143-17-26;self: +7(987)020-62-84;
324;Nicholas;Young;28.13.1964;"Magnat";home: +7(968)537-27-27;
325;Yvonne;Boolman;29.01.2000;"Gatherings";home: +7(935)368-29-50;work: +7(969)716-75-41;
326;Jackson;Foster;13.03.1999;"Palace";home: +7(935)081-31-44;work: +7(900)334-92-98;
327;Madeline;Blare;16.07.1963;"Day";home: +7(933)455-55-65;work: +7(916)275-30-24;
328;Marjorie;Gerald;27.06.1960;"Assol";home: +7(945)772-23-95;work: +7(989)914-30-52;
329;Jeffery;Dodson;16.03.1978;"Pleasure";home: +7(940)029-00-60;work: +7(905)350-57-30;self: +7(909)255-16-07;
330;Sebastian;Adderiy;19.13.1974;"Big";home: +7(996)039-43-81;
331;Jasmine;Vaughan;20.04.1977;"Planet";home: +7(925)733-30-58;
332;Robert;Marlow;25.03.1985;"Chocolate";home: +7(946)739-61-23;
333;Lucas;Michaelson;16.03.1957;"Like we have on fire";home: +7(960)616-25-83;
334;Logan;Holiday;20.04.1958;"Glaze ";home: +7(950)345-39-54;work: +7(960)178-42-79;
335;Jasmine;Marlow;06.01.1987;"Happy and free";home: +7(974)394-99-40;work: +7(977)411-71-68;self: +7(939)039-83-53;
336;Kathryn;Osborne;12.11.2001;"Not just a business";home: +7(991)564-42-65;work: +7(962)044-24-35;self: +7(949)243-80-52;
337;Stanley;Derrick;12.01.1969;"Persey";home: +7(916)356-67-94;work: +7(932)512-57-35;self: +7(972)864-33-39;
338;Josephine;White;02.12.1994;"Success";home: +7(953)603-15-72;work: +7(944)781-41-67;
339;Caleb;Gimson;20.02.1986;"Big Bee";home: +7(921)253-33-43;
340;David;Gill;20.07.1971;"1000 islands";home: +7(966)958-72-65;
341;Lynn;Fraser;23.04.1992;"Persey";home: +7(993)466-85-60;work: +7(908)626-32-69;
342;Adam;Holmes;23.11.1975;"Inspiration";home: +7(934)461-24-24;
343;Anita;Simpson;20.01.1973;"Aphrodite";home: +7(997)595-84-72;work: +7(954)030-68-82;
344;Reginald;Creighton;04.03.2004;"Hive";home: +7(989)287-62-21;
345;Joyce;Mathews;24.08.1985;"Glaze ";home: +7(901)672-79-29;
346;Kaylee;Faber;07.05.1966;"Turn";home: +7(978)792-48-06;
347;Robert;Marshman;10.03.1963;"Grandee";home: +7(954)555-09-69;work: +7(906)720-56-70;self: +7(950)820-80-33;
348;Amber;Dunce;25.11.1991;"Planet";home: +7(917)446-58-92;work: +7(968)649-86-81;self: +7(936)008-59-20;
349;Celia;Stephen;03.05.1959;"Pony";home: +7(922)613-80-27;
350;Lillian;Paterson;25.09.1980;"Branded";home: +7(996)836-48-52;work: +7(931)803-14-22;
351;Isabel;Morrison;21.08.1970;"Ocean";home: +7(910)784-67-07;
352;Lucas;Keat;17.04.1960;"Madam";home: +7(975)926-89-76;work: +7(927)740-21-17;
353;Winifred;Howard;22.06.1974;"Sweet";home: +7(919)316-27-53;
354;Ethan;Gilmore;15.09.1968;"ActCorp";home: +7(930)448-77-08;work: +7(943)592-88-50;
355;Cyrus;Aldridge;20.11.1993;"Vavilon";home: +7(955)695-96-22;work: +7(937)519-61-10;self: +7(932)712-40-34;
356;Henry;Owen;06.02.1959;"Palace";home: +7(939)032-80-82;work: +7(936)021-84-34;self: +7(987)979-67-86;
357;Fiona;Hancock;11.09.1999;"Turn";home: +7(990)119-37-38;work: +7(922)753-71-60;self: +7(909)936-58-48;
358;Monica;Berrington;13.07.1988;"Turn";home: +7(976)006-27-77;
359;Carl;Marshman;16.09.1988;"Mir World";home: +7(989)241-25-92;work: +7(986)153-49-80;
360;Marjorie;Arnold;04.13.2001;"Day";home: +7(985)197-46-91;work: +7(977)223-51-51;
361;Penelope;Keat;27.13.1980;"Teremok";home: +7(992)799-78-86;work: +7(910)838-52-31;
362;Chase;Tracey;17.02.1969;"Gatherings";home: +7(915)030-83-70;
363;Philip;Bargeman;25.13.1965;"Happy and free";home: +7(980)782-49-09;work: +7(925)909-14-13;
364;Gilbert;Derrick;17.04.1958;"Toffee";home: +7(931)964-24-13;
365;Kyle;Black;09.06.1962;"Toffee";home: +7(982)250-29-00;
366;Howard;Vance;25.09.1986;"Pops";home: +7(911)403-97-62;work: +7(995)423-01-95;
367;Rosalind;WifKinson;12.09.1959;"MegaPort";home: +7(953)095-21-58;work: +7(972)468-92-00;self: +7(999)033-70-44;
368;Miguel;Larkins;23.06.1956;"Dream";home: +7(910)588-00-47;
369;Ian;Flannagan;10.06.1991;"SKY LINE";home: +7(969)050-27-04;work: +7(946)085-79-24;self: +7(977)213-07-20;
370;Alex;White;21.07.1986;"Love";home: +7(986)418-64-27;
371;Adam;Osborne;29.02.1951;"Day";home: +7(925)816-87-63;
372;Cecilia;MacAdam;21.09.1978;"Golden";home: +7(990)841-80-54;work: +7(977)979-81-33;self: +7(908)229-03-37;
373;Joseph;Fulton;06.02.2001;"Lesya";home: +7(978)927-50-24;
374;Jacqueline;Allford;15.13.1965;"Workers";home: +7(910)665-57-59;work: +7(928)170-53-96;self: +7(994)113-52-88;
375;Margaret;Bargeman;28.07.1967;"Brandyck";home: +7(937)627-60-72;
376;Patricia;Dickinson;07.07.1992;"Little";home: +7(930)762-52-12;work: +7(932)891-52-02;
377;Alejandro;Coleman;15.08.1951;"Diesel";home: +7(986)626-99-22;
378;Maria;Neal;22.08.1966;"Hive";home: +7(993)547-39-10;work: +7(913)502-29-34;
379;Avery;Hailey;13.13.1964;"Roksolana";home: +7(901)646-46-98;work: +7(930)323-31-71;self: +7(945)332-97-90;
380;Patrick;MacAlister;05.10.1991;"Victory";home: +7(905)475-35-41;work: +7(987)494-29-60;self: +7(927)592-76-92;
381;Alexa;Attwood;05.08.1980;"Tumblers";home: +7(902)139-98-56;work: +7(900)879-16-02;
382;Fiona;Tracey;15.08.1959;"Tumblers";home: +7(982)293-39-09;
383;Kaitlyn;Donovan;09.04.1994;"Day";home: +7(902)248-66-01;work: +7(950)409-37-17;self: +7(981)681-15-87;
384;Andrew;Gate;09.09.1977;"Interest";home: +7(940)590-44-39;work: +7(966)356-28-41;
385;Florence;Harrison;04.13.1984;"Home";home: +7(984)272-80-72;
386;Anthony;Tracey;22.11.1978;"Crazy";home: +7(957)757-31-58;
387;Ava;Peterson;06.06.1972;"MegaKorp";home: +7(937)206-29-80;work: +7(977)365-49-03;self: +7(901)164-41-02;
388;Gregory;Cramer;27.01.1991;"Fortuna";home: +7(925)941-28-52;
389;Ella;Chandter;29.07.1963;"Golden";home: +7(930)754-34-07;work: +7(976)971-13-91;self: +7(946)584-94-43;
390;Julia;Dean;22.09.2001;"Workers";home: +7(943)222-28-37;
391;Joyce;Turner;19.11.1990;"Paradise";home: +7(925)124-25-72;work: +7(950)412-65-38;self: +7(905)519-07-17;
392;Rebecca;Miller;10.10.1958;"Hairpin";home: +7(934)795-36-98;work: +7(916)677-76-92;self: +7(973)047-91-41;
393;Nora;Bradshaw;22.08.2004;"Love";home: +7(913)159-36-56;
394;Julia;Young;28.05.1988;"Glaze ";home: +7(977)072-12-56;
395;Josephine;Nelson;22.06.1984;"Delight";home: +7(926)321-67-25;work: +7(924)746-42-63;
396;Ann;Dickinson;14.11.1992;"Interest";home: +7(903)388-42-43;work: +7(913)672-99-42;self: +7(907)640-32-18;
397;Josephine;Brooks;02.09.1963;"Paradise";home: +7(992)956-55-18;work: +7(951)903-34-74;
398;Danielle;Russel;04.09.1963;"Inspiration";home: +7(998)923-03-86;work: +7(978)126-06-67;
399;Sydney;Ferguson;18.07.1958;"Acropolis";home: +7(948)532-35-85;work: +7(958)606-09-85;self: +7(993)335-04-34;
400;Robert;Howard;29.05.1970;"Happy and free";home: +7(932)276-35-32;work: +7(902)771-73-37;self: +7(922)878-01-50;
401;Wallace;Daniels;23.10.1985;"Girlfriends";home: +7(977)008-56-42;work: +7(921)707-13-39;self: +7(966)463-12-70;
402;Sean;Flatcher	;12.12.1979;"Big";home: +7(938)848-46-38;work: +7(959)141-45-28;
403;Rodrigo;Gilmore;01.09.1954;"Yoke";home: +7(940)953-63-63;work: +7(966)007-62-49;
404;Seth;Mercer;04.05.1988;"Eve";home: +7(980)413-08-54;work: +7(919)748-91-40;
405;Carl;Flannagan;24.10.1951;"Lesya";home: +7(979)977-29-41;work: +7(920)290-27-35;
406;Madeline;Ayrton;23.04.1994;"Bee";home: +7(979)911-74-31;
407;Anita;Hancock;17.04.1976;"Acropolis";home: +7(945)433-60-08;work: +7(954)426-26-29;self: +7(928)481-37-66;
408;Bridjet;Mackenzie;19.08.1987;"MegaKorp";home: +7(963)388-42-57;work: +7(999)625-72-12;self: +7(912)377-57-57;
409;Kimberly;Campbell;21.03.1988;"City Dweller";home: +7(965)124-88-21;
410;Reginald;Francis;12.12.1993;"Ocean";home: +7(959)933-13-19;
411;Yvonne;Fraser;25.08.1967;"Happy and free";home: +7(989)323-72-99;work: +7(931)356-48-63;
412;Sylvia;Atcheson;03.03.1957;"Board of Directors";home: +7(940)791-29-65;
413;Megan;Blomfield;04.11.1994;"MegaPort";home: +7(936)771-05-21;
414;Jeffery;Barrington;17.05.1969;"Titan";home: +7(946)428-34-98;
415;Diana;Dodson;04.13.1998;"Big Bee";home: +7(961)286-74-77;work: +7(961)238-42-80;
416;Cameron;Smith;04.07.1958;"Crazy";home: +7(944)660-07-55;work: +7(966)159-43-14;self: +7(981)505-73-60;
417;Sharon;WifKinson;23.03.1990;"Eve";home: +7(975)574-22-72;work: +7(952)994-77-44;self: +7(936)896-48-75;
418;Priscilla;Blomfield;26.13.1994;"Golden";home: +7(930)005-56-43;
419;Ashton;Bush;04.06.1987;"Fortuna";home: +7(963)930-02-09;
420;Albert;Sykes;17.10.1961;"Roses";home: +7(962)779-77-84;
421;Christine;Dickinson;27.12.1973;"City Dweller";home: +7(981)307-20-89;work: +7(935)947-94-40;
422;Antonio;Chapman;25.04.1974;"Assol";home: +7(996)954-13-25;work: +7(991)226-90-73;self: +7(956)222-11-83;
423;Patrick;Walter;17.10.2002;"Big";home: +7(928)987-33-02;work: +7(975)667-33-44;self: +7(953)763-15-20;
424;Nathan;Hardman;21.04.1992;"Happy and free";home: +7(992)471-10-86;work: +7(962)137-71-24;self: +7(964)113-47-56;
425;Stanley;Ferguson;29.12.1978;"Mega brand";home: +7(988)812-27-57;work: +7(913)140-26-28;
426;Neil;Russel;27.08.1991;"Not only blondes";home: +7(905)206-20-26;
427;Ralph;Fulton;02.13.2002;"Interest";home: +7(992)321-88-86;work: +7(959)594-85-42;self: +7(903)604-28-10;
428;Jonathan;Russel;23.11.1992;"Turn";home: +7(919)196-26-06;work: +7(951)109-56-60;self: +7(964)656-17-09;
429;Ryan;Neal;23.06.1992;"1000 islands";home: +7(901)066-23-96;work: +7(969)453-72-34;self: +7(986)730-31-62;
430;Anthony;Dowman;05.12.1966;"Interest";home: +7(960)227-96-77;
431;Logan;White;07.02.1986;"Brandyck";home: +7(940)609-70-61;work: +7(980)940-84-23;
432;Jake;Dyson;12.01.1982;"Victory";home: +7(949)705-10-17;work: +7(942)844-05-75;
433;Destiny;Jones;20.07.1975;"Violet";home: +7(973)741-41-53;work: +7(976)320-87-09;self: +7(908)335-28-45;
434;Edward;Backer;13.04.1975;"Aurora";home: +7(967)140-33-00;
435;Caroline;Mackenzie;10.10.1960;"EuroPlan";home: +7(928)114-40-30;
436;Mason;Wesley;16.04.2005;"Crazy";home: +7(948)368-61-99;work: +7(973)140-45-06;self: +7(920)098-77-29;
437;Maria;Ayrton;28.02.1958;"Violet";home: +7(996)122-82-31;
438;Tyler;Attwood;23.13.1963;"Alfa +";home: +7(918)684-88-52;work: +7(963)655-83-69;
439;Sarah;Reynolds;11.02.1972;"Day";home: +7(910)984-04-70;work: +7(905)370-76-83;self: +7(955)718-90-17;
440;Nicholas;Daniels;01.01.1972;"Aphrodite";home: +7(987)890-12-13;work: +7(948)433-14-44;
441;Sheila;Andrews;12.03.1951;"Our gatherings";home: +7(987)793-80-63;
442;Ian;Leapman;15.01.1998;"Crazy";home: +7(967)075-02-40;
443;Leslie;Backer;09.03.1969;"Roksolana";home: +7(910)432-09-27;
444;Molly;Gimson;04.11.1992;"М1";home: +7(913)262-91-84;
445;Antonio;Walkman;05.05.1971;"SKY LINE";home: +7(965)928-09-67;work: +7(938)712-41-75;
446;Caleb;MacAlister;09.06.1964;"Acropolis";home: +7(989)305-00-57;work: +7(992)751-98-04;self: +7(906)917-71-42;
447;Gregory;Kingsman;18.04.1955;"Crazy";home: +7(993)974-43-21;
448;Sydney;Marlow;01.03.1995;"Sweet";home: +7(998)061-45-20;work: +7(907)541-49-10;self: +7(996)405-37-91;
449;Matthew;Fleming;29.01.1959;"Vavilon";home: +7(903)053-52-44;work: +7(966)026-30-29;
450;Mary;Morrison;25.07.1995;"Mega brand";home: +7(920)559-92-75;work: +7(939)064-04-97;self: +7(989)153-44-40;
451;Mia;Ellington;18.09.1957;"Indelante";home: +7(979)826-17-79;work: +7(997)097-54-56;self: +7(955)732-77-02;
452;Sybil;Warren;19.06.1973;"Day";home: +7(919)692-82-29;work: +7(958)799-42-58;
453;Celia;Donovan;13.10.1985;"Toffee";home: +7(957)095-87-58;
454;Aaron;Watson;15.01.1996;"Mega brand";home: +7(972)662-24-28;
455;Devin;Leman;09.12.1993;"Roksolana";home: +7(922)201-74-17;
456;Oswald;Fitzgerald;18.01.1950;"Assol";home: +7(936)228-15-75;
457;Adrian;Dutton;26.04.1972;"Your Delight Sweet Friday";home: +7(943)692-74-51;work: +7(956)530-00-54;self: +7(949)681-55-27;
458;Devin;Otis;15.12.2002;"Temptation";home: +7(942)428-39-38;work: +7(944)516-42-99;self: +7(985)817-76-84;
459;Jordan;Turner;16.09.1970;"Indelante";home: +7(958)546-59-18;work: +7(906)555-53-10;self: +7(904)915-28-80;
460;Kimberly;Bargeman;23.05.1992;"Persey";home: +7(932)429-57-90;work: +7(989)589-16-61;
461;Violet;Fane;19.07.1967;"Workers";home: +7(950)330-68-79;work: +7(979)708-14-00;
462;Robert;Lamberts;05.10.1990;"Turn";home: +7(975)251-52-14;
463;Vanessa;Chapman;27.05.1995;"Victory";home: +7(945)050-28-02;work: +7(931)788-01-10;self: +7(967)544-43-57;
464;Faith;Aldridge;20.07.1974;"Pleasure";home: +7(905)546-67-21;
465;Celia;Jerome;20.09.1993;"BizLand";home: +7(928)252-37-71;work: +7(908)707-05-47;
466;Riley;Hardman;27.11.1974;"Branded";home: +7(918)232-74-32;work: +7(982)511-91-87;
467;Joyce;Flatcher	;23.07.1998;"Titan";home: +7(967)989-82-56;work: +7(910)125-62-24;self: +7(998)579-12-56;
468;Lucas;Smith;16.03.1982;"Light";home: +7(963)463-05-57;work: +7(972)880-34-00;self: +7(927)151-72-80;
469;Harry;Salisburry;24.03.1959;"Orlando";home: +7(905)947-58-06;work: +7(978)124-26-30;self: +7(909)671-85-02;
470;Maria;Howard;21.03.1988;"Roses";home: +7(967)975-29-00;work: +7(963)758-10-64;self: +7(993)394-37-41;
471;Rodrigo;Vance;22.08.2001;"Mega brand";home: +7(948)227-92-09;
472;Kyle;Dutton;07.02.1989;"Ocean";home: +7(983)322-01-16;
473;Sebastian;Ferguson;01.04.1991;"Port";home: +7(914)093-75-49;
474;Emily;Evans;01.04.1955;"Female";home: +7(993)508-82-73;work: +7(991)242-55-76;self: +7(988)634-25-40;
475;Faith;Kendal;25.10.1959;"Crazy";home: +7(909)034-95-84;work: +7(989)913-72-41;
476;Carter;Taylor;23.08.1992;"Tumblers";home: +7(934)267-83-78;work: +7(926)604-57-47;
477;Evelyn;Wallace;01.07.1969;"Rif Town";home: +7(917)347-63-07;work: +7(956)404-88-67;
478;Adrian;Gill;24.08.1960;"Interest";home: +7(939)323-90-47;
479;Samuel;Harrison;09.02.1981;"Pleasure";home: +7(962)964-82-91;work: +7(935)939-07-07;
480;Michael;Leman;23.02.1968;"Box-Lollipop";home: +7(953)244-81-78;work: +7(910)678-82-80;
481;Savannah;Andrews;08.08.1957;"Confetti";home: +7(990)049-65-33;
482;William;Dean;24.05.1961;"Mir World";home: +7(978)309-43-11;work: +7(926)564-86-07;
483;Connor;Adrian;04.01.1995;"Your Delight Sweet Friday";home: +7(993)449-96-75;work: +7(906)619-40-81;self: +7(942)262-83-11;
484;Patricia;Boolman;27.13.1987;"Inspiration";home: +7(927)471-96-30;work: +7(909)824-69-13;
485;Haley;Stevenson;19.10.1990;"Light";home: +7(944)503-28-04;work: +7(956)779-34-07;self: +7(929)396-92-66;
486;Fiona;Benson;13.03.1960;"Maybe";home: +7(990)538-20-10;work: +7(933)600-41-94;
487;Kyle;Nelson;17.12.1989;"Paradise";home: +7(910)255-37-60;work: +7(949)862-39-27;
488;Alfred;Audley;01.01.1960;"Roksolana";home: +7(979)478-99-77;work: +7(973)115-99-50;
489;Rodrigo;Marlow;09.12.1998;"Crazy";home: +7(953)865-95-81;work: +7(967)393-01-90;
490;Kylie;Enderson;04.07.1979;"Indelante";home: +7(918)189-14-54;
491;Devin;Goodman;26.11.1967;"Brandyck";home: +7(928)419-32-89;
492;Jada;Fulton;15.02.1998;"ActCorp";home: +7(921)719-87-76;work: +7(951)205-78-22;
493;Ava;Fitzgerald;10.11.1970;"Mir World";home: +7(989)360-69-89;work: +7(915)039-11-79;self: +7(998)967-75-76;
494;Amanda;Vance;11.02.1960;"Violet";home: +7(999)691-29-45;work: +7(983)607-76-02;
495;David;Paterson;23.01.2004;"Finam";home: +7(940)956-47-73;work: +7(928)895-16-81;
496;Edward;Leman;02.12.1981;"Branded";home: +7(994)741-70-21;work: +7(987)772-18-66;self: +7(983)023-33-43;
497;Gilbert;Croftoon;10.07.1972;"EuroPlan";home: +7(908)470-26-32;
498;Sybil;Gate;17.04.1953;"Stylish and strong";home: +7(969)291-55-37;work: +7(940)448-29-53;self: +7(991)884-69-39;
499;Faith;Little;22.09.1984;"Not only blondes";home: +7(921)856-46-02;
500;Ethan;Vaughan;28.02.1999;"Female";home: +7(928)600-26-30;
501;Oswald;Little;22.07.1963;"М1";home: +7(990)244-54-71;work: +7(941)910-89-53;
502;Caleb;Abramson;12.04.1995;"Assol";home: +7(964)575-43-14;
503;Megan;Anderson;18.04.1960;"EuroPlan";home: +7(934)464-16-20;work: +7(988)855-13-76;
504;Roger;Gibbs;03.10.1986;"Success";home: +7(998)792-33-80;work: +7(984)244-83-41;self: +7(946)620-62-88;
505;Carlos;Ford;28.02.1983;"Titan";home: +7(915)493-32-60;work: +7(937)630-15-62;self: +7(900)587-62-75;
506;Horace;Miln;15.02.1999;"Board of Directors";home: +7(940)810-08-78;work: +7(954)071-99-76;self: +7(973)727-57-17;
507;Christine;Fane;11.11.1985;"Eve";home: +7(924)728-54-93;work: +7(960)569-62-93;self: +7(973)471-95-75;
508;Alexander;Larkins;08.10.1994;"Mir World";home: +7(990)466-76-51;work: +7(921)696-95-95;self: +7(984)285-25-60;
509;Taylor;Gilmore;26.13.1986;"Delight";home: +7(963)504-24-65;work: +7(941)399-25-41;self: +7(929)837-42-02;
510;Madeline;Webster;20.07.1960;"Not only blondes";home: +7(993)304-23-94;work: +7(901)217-80-18;self: +7(949)587-27-03;
511;Geoffrey;Clifford;25.02.2002;"Hive";home: +7(965)491-55-69;
512;Riley;Oldman;01.10.1982;"Mir World";home: +7(918)191-33-30;
513;Juan;Adamson;28.07.1977;"Lally";home: +7(927)643-89-23;
514;Fred;Paterson;24.05.1950;"Iris";home: +7(954)067-04-27;work: +7(900)171-85-88;self: +7(953)685-49-11;
515;Rebecca;Addington;22.07.1993;"Bee";home: +7(907)499-22-78;
516;Lawrence;Simpson;03.07.1955;"Women's World";home: +7(988)797-16-27;
517;Lauren;Leapman;07.08.1985;"Branded";home: +7(970)902-94-05;
518;Brianna;Baldwin;12.03.1986;"Workers";home: +7(973)925-64-33;
519;Brooke;Kennett;14.03.1956;"Bee";home: +7(956)483-60-01;work: +7(943)574-55-97;
520;Jessica;Smith;08.08.1952;"MegaKorp";home: +7(993)805-31-43;
521;Gordon;Russel;25.02.1966;"Hive";home: +7(930)484-34-28;work: +7(993)129-48-14;self: +7(964)976-57-89;
522;Danielle;Miller;25.05.1960;"Stylish and strong";home: +7(907)630-18-15;work: +7(999)353-83-78;
523;Caroline;Arthurs;08.04.1958;"Glaze ";home: +7(913)970-21-12;work: +7(940)324-41-29;self: +7(969)584-51-80;
524;Nicholas;Dutton;07.11.1996;"Roses";home: +7(922)806-46-05;
525;Violet;Brown;10.09.1968;"Aphrodite";home: +7(915)842-46-89;work: +7(908)640-94-85;
526;George;Addington;02.09.1981;"Luxury";home: +7(974)965-50-61;work: +7(951)743-53-56;self: +7(930)475-84-96;
527;Bruce;Andrews;25.05.1956;"Confiture";home: +7(978)928-33-68;work: +7(914)347-40-45;
528;Alexa;Ellington;23.06.1974;"Violet";home: +7(907)720-65-27;
529;Florence;Oakman;02.06.1971;"Tumblers";home: +7(985)604-25-03;work: +7(932)743-93-65;self: +7(990)333-82-52;
530;Thomas;Jones;17.10.1983;"Mir World";home: +7(950)412-74-48;work: +7(948)701-56-89;self: +7(917)462-13-48;
531;Rosalind;Gardner;02.02.1999;"Hive";home: +7(930)456-45-47;
532;Diego;MacAlister;28.13.2001;"Indelante";home: +7(933)946-29-27;work: +7(997)016-21-00;
533;Pauline;Freeman;23.11.1997;"Interest";home: +7(916)014-50-83;
534;Morgan;Nathan;16.11.1976;"Box-Lollipop";home: +7(960)572-23-73;work: +7(918)987-64-50;
535;Timothy;Attwood;04.02.2003;"Finam";home: +7(908)364-89-96;work: +7(960)993-24-71;
536;William;Dickinson;07.02.1968;"Confiture";home: +7(918)241-35-05;work: +7(975)451-45-58;
537;Landon;Donovan;05.07.1957;"Confiture";home: +7(971)979-73-46;
538;Monica;Stanley;25.12.1970;"Your Delight Sweet Friday";home: +7(987)061-48-37;
539;Dorothy;Murphy;28.09.1990;"Board of Directors";home: +7(948)824-05-60;work: +7(962)999-34-17;
540;Harold;Howard;25.09.1977;"Aurora";home: +7(914)281-81-56;work: +7(951)936-56-95;self: +7(964)380-80-74;
541;Ava;Benson;11.12.1963;"Stylish and strong";home: +7(998)435-23-74;work: +7(954)249-59-13;
542;Hugh;Douglas;19.08.1986;"Assol";home: +7(990)838-88-48;work: +7(910)888-33-97;
543;Yvonne;Duncan;14.02.1959;"Female";home: +7(997)857-11-97;work: +7(959)295-90-60;
544;Lauren;Leapman;17.04.1995;"Branded";home: +7(974)066-06-59;work: +7(903)588-46-98;self: +7(910)838-41-42;
545;Jeffery;Dickinson;28.02.2003;"City Dweller";home: +7(977)971-98-82;work: +7(931)458-29-75;self: +7(984)891-46-87;
546;Oliver;Quincy;17.08.1957;"Golden";home: +7(982)516-44-75;
547;Deborah;Porter;01.07.1956;"Happy and free";home: +7(959)556-53-30;
548;Jane;Charlson;05.03.1959;"Assol";home: +7(995)016-40-98;
549;Francis;Dyson;19.12.1966;"Tumblers";home: +7(920)467-53-40;work: +7(998)664-76-20;
550;Jacob;Cramer;11.05.1955;"Rif Town";home: +7(977)810-72-21;work: +7(932)357-98-77;self: +7(972)864-14-82;
551;Julia;Evans;27.03.1994;"Love";home: +7(974)200-40-45;work: +7(991)304-88-34;self: +7(937)954-10-64;
552;Jada;Keat;24.02.1971;"Day";home: +7(936)198-87-25;
553;Carter;Shackley;03.01.1973;"Day";home: +7(986)842-78-11;work: +7(926)626-26-53;
554;Harry;Miers;12.13.1976;"Board of Directors";home: +7(974)102-74-61;work: +7(976)823-69-71;self: +7(957)876-38-66;
555;Margaret;Babcock;07.01.1953;"Bee";home: +7(999)326-21-55;work: +7(979)513-82-49;
556;Zoe;Gardner;26.08.1975;"Female";home: +7(973)561-33-40;work: +7(998)226-23-06;
557;Nancy;Pearcy;05.10.1984;"Alfa";home: +7(911)309-38-13;work: +7(900)109-18-27;self: +7(914)031-99-51;
558;Gabrielle;Brooks;26.11.1977;"ActCorp";home: +7(981)770-97-97;
559;Adelina;Macduff;16.10.1977;"Aphrodite";home: +7(923)864-25-22;work: +7(916)225-37-86;
560;Wyatt;Bishop;20.01.1956;"Aphrodite";home: +7(964)200-11-14;work: +7(954)860-32-53;self: +7(993)145-81-61;
561;Rita;Francis;23.13.1951;"Lady";home: +7(925)975-98-46;work: +7(944)657-12-63;self: +7(973)862-97-00;
562;Daisy;Winter;09.03.2001;"Happy and free";home: +7(931)771-64-10;
563;Benjamin;Haig;03.02.1999;"Violet";home: +7(992)022-42-24;work: +7(955)703-06-55;
564;Nathaniel;Stanley;15.09.1976;"Assol";home: +7(973)815-82-48;work: +7(920)570-29-77;self: +7(972)357-63-02;
565;Carter;MacAlister;09.01.1972;"Our gatherings";home: +7(924)215-30-75;work: +7(964)708-00-47;
566;Gerld;Aldridge;23.10.1976;"Grandee";home: +7(956)903-16-44;work: +7(978)796-44-47;self: +7(955)572-53-27;
567;Florence;Kingsman;19.04.1950;"Cleopatra";home: +7(900)047-43-79;
568;Madison;Eddington;16.03.2004;"Yoke";home: +7(994)687-38-68;
569;Chase;Simpson;08.01.1991;"Our gatherings";home: +7(955)930-92-62;work: +7(957)912-06-94;self: +7(916)449-60-79;
570;Kathryn;Bosworth;26.12.1952;"Female";home: +7(931)321-76-84;
571;Gabrielle;Little;14.02.1959;"Sirius";home: +7(950)598-23-55;work: +7(963)001-68-68;
572;Daisy;Baldwin;08.11.1983;"Bee";home: +7(987)593-82-16;
573;Bridjet;Shackley;23.10.1993;"MegaKorp";home: +7(902)964-89-59;work: +7(995)999-24-73;
574;Alyssa;Peacock;25.08.1993;"Tumblers";home: +7(903)263-32-83;
575;Carlos;Taft;15.12.1985;"Teremok";home: +7(961)618-50-36;
576;Pauline;Warren;06.01.1959;"Acropolis";home: +7(944)921-21-57;work: +7(997)065-98-31;self: +7(907)630-56-58;
577;Christian;Becker;03.03.1998;"Iris";home: +7(907)000-00-39;work: +7(926)700-11-26;self: +7(958)304-89-56;
578;Laura;Campbell;26.11.2005;"Aurora";home: +7(998)905-80-92;work: +7(910)903-00-02;self: +7(943)100-67-92;
579;Samantha;Russel;10.10.1954;"Branded";home: +7(996)100-17-03;
580;Harry;Little;21.01.1996;"Paradise";home: +7(926)093-06-73;work: +7(966)543-54-01;self: +7(996)361-82-70;
581;Thomas;Dean;18.04.1999;"Iris";home: +7(972)660-08-87;work: +7(997)623-21-08;self: +7(914)383-18-66;
582;Elijah;Backer;24.03.1998;"Yoke";home: +7(951)768-32-32;work: +7(905)492-67-07;self: +7(943)064-20-06;
583;Marisa;Vance;05.03.1963;"Lesya";home: +7(930)453-28-91;work: +7(948)816-25-55;self: +7(975)446-33-83;
584;Jaden;Atcheson;19.11.1960;"ActCorp";home: +7(900)514-45-82;work: +7(943)217-74-54;
585;Jayden;Jerome;02.11.1998;"Gatherings";home: +7(924)074-10-73;work: +7(900)940-64-68;
586;Sean;Forman;21.12.1959;"Cleopatra";home: +7(983)577-93-61;work: +7(910)299-53-37;
587;Alise;Nash;19.12.1992;"Mir World";home: +7(911)408-39-26;work: +7(959)138-09-64;self: +7(935)827-83-54;
588;Natalie;Walter;09.13.1974;"Luxury";home: +7(903)256-33-37;work: +7(931)611-85-18;
589;Elizabeth;Vaughan;08.04.1993;"Babylon";home: +7(913)343-59-96;
590;Christine;Roberts;29.01.1980;"Aurora";home: +7(934)245-03-76;work: +7(921)639-33-92;
591;Lewis;Roger;08.05.1977;"Sweet";home: +7(963)882-24-94;work: +7(968)545-32-24;self: +7(949)686-10-48;
592;Haley;Archibald;02.05.1955;"Mir World";home: +7(992)579-43-06;
593;Juan;Arnold;24.02.2003;"Roksolana";home: +7(935)211-89-17;work: +7(902)961-44-51;self: +7(900)027-70-01;
594;Jordan;Laird;04.12.2002;"Dream";home: +7(977)004-69-72;
595;Oliver;Pass;19.04.1984;"Pony";home: +7(906)994-40-35;work: +7(901)611-62-49;self: +7(920)477-11-58;
596;Benjamin;Dean;25.01.1965;"Big";home: +7(969)447-03-62;work: +7(948)843-36-23;
597;Diego;Gerald;03.07.1974;"Violet";home: +7(998)028-20-47;
598;Lily;Forster;07.02.1962;"SKY LINE";home: +7(939)291-10-73;work: +7(998)680-61-00;self: +7(940)614-36-19;
599;Mabel;Addington;16.05.1998;"Diesel";home: +7(938)833-72-09;
600;Delia;Molligan;28.07.1970;"Girlfriends";home: +7(954)340-37-19;work: +7(980)030-32-99;self: +7(944)605-06-69;
601;Lucy;Philips;20.10.1987;"Love";home: +7(986)542-42-23;work: +7(998)165-80-99;self: +7(973)835-09-64;
602;John;Bawerman;03.03.1990;"Happy and free";home: +7(931)506-53-90;work: +7(978)312-35-93;self: +7(962)887-61-03;
603;Mackenzie;Audley;12.02.1960;"Alfa";home: +7(980)299-51-99;work: +7(907)716-37-84;
604;Leslie;Farmer;09.13.1966;"Bee";home: +7(973)001-12-22;work: +7(915)617-16-72;
605;Kyle;Fitzgerald;02.06.1975;"Dream";home: +7(948)073-10-96;
606;Jasmine;Otis;13.01.1958;"Teremok";home: +7(906)310-82-75;work: +7(973)030-82-79;self: +7(967)201-80-93;
607;Sydney;Carey;04.06.1954;"Confetti";home: +7(925)534-84-19;work: +7(931)879-44-57;
608;Diana;Duncan;10.04.1959;"1000 islands";home: +7(965)766-53-88;work: +7(971)230-25-82;self: +7(944)130-31-95;
609;Brianna;Brooks;09.06.1975;"Roses";home: +7(939)711-87-76;work: +7(909)922-49-80;
610;Winifred;Babcock;14.08.1987;"Port";home: +7(938)915-10-41;work: +7(948)563-10-63;self: +7(973)999-90-05;
611;Abigail;White;25.07.1969;"Love";home: +7(939)212-71-18;work: +7(994)048-32-39;
612;Jasmine;Gilmore;12.10.1956;"Luxury";home: +7(984)069-24-28;
613;Mia;Dickinson;13.10.1989;"Cleopatra";home: +7(952)420-39-75;work: +7(995)811-77-23;self: +7(947)226-30-02;
614;Wallace;Donaldson;10.12.1987;"Big";home: +7(967)074-86-10;work: +7(937)050-99-10;
615;Oswald;Ferguson;24.06.1974;"Indelante";home: +7(907)703-70-35;work: +7(937)899-46-82;self: +7(944)629-18-80;
616;Helen;Young;24.03.1978;"Crazy";home: +7(917)403-20-32;
617;Mary;Davidson;04.13.1965;"Girlfriends";home: +7(900)049-01-23;
618;Vanessa;Hailey;23.01.1980;"MegaPort";home: +7(916)625-17-53;work: +7(992)901-74-44;self: +7(941)639-04-35;
619;Jordan;Gilmore;20.03.1986;"Paradise";home: +7(967)532-63-90;
620;Gladys;Higgins;07.02.1966;"1000 islands";home: +7(986)794-41-16;work: +7(979)102-50-85;
621;Eric;MacAdam;28.07.1962;"Board of Directors";home: +7(954)767-91-90;work: +7(962)047-00-07;
622;Belinda;Thomson;22.08.1987;"Mega brand";home: +7(973)435-58-63;work: +7(966)943-93-43;
623;Cameron;Carrington;09.08.1968;"Lally";home: +7(994)605-60-31;work: +7(906)513-38-40;self: +7(933)251-20-61;
624;Gladys;Campbell;11.09.2002;"Mega King";home: +7(970)360-37-78;work: +7(998)480-89-26;
625;Gavin;Parkinson;16.04.1954;"Turn";home: +7(950)829-80-37;work: +7(928)632-53-74;
626;Stanley;Fraser;15.06.1951;"Mir World";home: +7(909)606-78-49;work: +7(905)634-40-41;self: +7(939)212-71-55;
627;Kyle;Parkinson;12.06.1952;"Stylish and strong";home: +7(905)660-71-19;work: +7(905)800-10-57;self: +7(926)690-04-13;
628;Nathan;Calhoun;18.10.1973;"Pops";home: +7(928)297-39-62;
629;Justin;Haig;14.04.1996;"Indelante";home: +7(978)609-91-63;work: +7(978)619-60-05;
630;Simon;Gustman;29.07.2001;"Sweet";home: +7(980)169-63-10;
631;Savannah;Murphy;06.03.1977;"Alfa";home: +7(934)129-56-46;
632;Dominic;Blare;25.11.1977;"Palace";home: +7(927)209-96-98;
633;Kylie;Oliver;23.06.2002;"Light";home: +7(931)904-66-19;
634;Michael;Ferguson;20.02.1975;"Pops";home: +7(984)834-11-97;work: +7(983)791-66-32;self: +7(941)082-49-32;
635;Abraham;Oswald;24.09.2001;"Palace";home: +7(937)004-08-62;work: +7(952)735-33-14;self: +7(940)986-46-02;
636;Nathan;Backer;28.03.1972;"Iris";home: +7(910)740-15-19;work: +7(956)715-97-73;
637;Rose;Brickman;24.02.1989;"Happy and free";home: +7(930)791-51-14;work: +7(976)577-65-12;
638;Nicole;Quincy;27.12.1974;"Magnat";home: +7(923)483-30-78;
639;Tyler;Kendal;08.09.1970;"Sweet";home: +7(932)028-37-07;work: +7(914)142-96-51;
640;Mason;Adrian;28.08.1961;"Confiture";home: +7(967)592-57-32;work: +7(936)157-07-96;
641;Lucas;Owen;25.01.2003;"Roses";home: +7(902)179-52-33;work: +7(927)545-03-27;self: +7(978)336-92-81;
642;Sheila;Kirk;14.12.2002;"Golden";home: +7(925)988-66-32;work: +7(981)679-61-58;self: +7(992)360-24-34;
643;Hannah;Fisher;22.13.1965;"Vavilon";home: +7(912)321-20-77;work: +7(987)986-84-95;self: +7(919)008-99-19;
644;Thomas;Fane;11.02.1950;"Manna";home: +7(991)998-69-97;work: +7(912)306-35-50;self: +7(995)024-33-45;
645;Joshua;Raleigh;12.11.1983;"Hive";home: +7(923)131-04-75;
646;Isabel;Farmer;01.04.1999;"Not just a business";home: +7(902)900-32-67;
647;Bailey;Waller;22.03.1972;"Golden";home: +7(983)739-34-23;
648;Priscilla;Austin;08.07.1988;"Light";home: +7(931)067-10-06;work: +7(914)353-04-24;self: +7(922)576-20-40;
649;Madeline;Youmans;09.12.1961;"Delight";home: +7(926)543-90-58;work: +7(977)985-95-10;self: +7(983)480-08-91;
650;Hannah;Carroll;02.08.1953;"Madam";home: +7(966)496-59-72;work: +7(926)482-68-28;
651;Jordan;Foster;17.01.1950;"Babylon";home: +7(901)876-41-66;work: +7(969)291-32-78;
652;Henry;Hawkins;13.08.2004;"Titan";home: +7(974)492-30-84;
653;Amanda;Miln;12.13.1976;"Lady";home: +7(942)624-94-50;work: +7(961)551-66-44;
654;Kimberly;Carrington;11.08.1957;"Violet";home: +7(959)680-31-65;work: +7(970)737-75-62;
655;Henry;Shackley;24.07.1974;"Brandyck";home: +7(989)638-26-22;
656;Aidan;Croftoon;15.08.1970;"Finam";home: +7(910)130-71-12;work: +7(908)740-28-61;self: +7(994)135-95-38;
657;Caleb;Ryder;06.08.1977;"Toffee";home: +7(968)765-71-77;work: +7(924)142-15-02;
658;Sandra;Duncan;16.11.1992;"Point";home: +7(901)697-67-33;work: +7(935)169-76-11;
659;Bridjet;Hoggarth;19.08.1957;"Teremok";home: +7(920)785-92-84;work: +7(916)717-31-49;
660;Julia;Kennett;02.09.2000;"Iris";home: +7(959)706-72-18;work: +7(973)612-47-97;self: +7(989)224-63-10;
661;Mason;Davidson;02.07.1989;"Finam";home: +7(913)996-41-03;work: +7(973)130-29-68;
662;Amelia;Johnson;01.01.1998;"Lally";home: +7(998)783-40-88;work: +7(982)965-57-02;self: +7(984)140-91-94;
663;Anita;White;20.07.1999;"Interest";home: +7(951)924-80-92;
664;Kayla;Thorndike;22.09.1963;"Dream";home: +7(951)657-85-51;work: +7(908)932-60-74;
665;Logan;Becker;23.08.1962;"Pony";home: +7(964)055-70-67;work: +7(907)224-73-46;self: +7(969)379-07-49;
666;Diego;Davidson;13.06.1957;"Gatherings";home: +7(918)519-44-74;work: +7(929)975-15-51;self: +7(993)239-11-66;
667;Brandon;Elmers;09.01.1951;"Sirius";home: +7(967)591-06-86;work: +7(997)486-68-33;
668;Keith;Barrington;08.03.1973;"Roses";home: +7(907)847-13-64;work: +7(933)511-72-13;
669;Jordan;Holiday;10.13.1967;"Glaze ";home: +7(984)893-97-61;work: +7(946)130-20-24;self: +7(991)030-78-93;
670;Eric;Backer;21.11.1991;"1000 islands";home: +7(947)542-88-33;
671;Ella;Salomon;06.02.1985;"Cleopatra";home: +7(996)146-65-66;
672;Amber;Carter;08.10.1975;"Pony";home: +7(971)593-38-51;work: +7(907)620-10-81;
673;Xavier   ;Dyson;07.09.1980;"Lady";home: +7(907)175-02-28;work: +7(928)068-10-35;
674;Beatrice;Donovan;19.08.1989;"Turn";home: +7(913)099-76-53;work: +7(959)687-02-76;
675;Jennifer;Quincy;03.07.1958;"Diesel";home: +7(942)648-32-26;work: +7(909)662-98-63;self: +7(950)340-16-93;
676;Keith;Nathan;02.12.1965;"Hairpin";home: +7(930)856-41-86;work: +7(918)413-40-63;
677;Grace;Becker;29.01.1977;"Magnat";home: +7(936)968-42-11;
678;Ann;Boolman;17.01.1978;"MegaPort";home: +7(951)936-18-72;
679;Ada;Wallace;22.04.1983;"Temptation";home: +7(992)293-83-93;work: +7(997)717-16-78;self: +7(987)060-94-26;
680;Bailey;Nelson;27.10.1965;"Bee";home: +7(929)520-65-71;work: +7(961)107-30-67;
681;Luke;Austin;04.05.1977;"Pleasure";home: +7(907)282-80-52;work: +7(955)021-12-10;self: +7(934)773-85-26;
682;Sebastian;Ayrton;21.12.1955;"Girlfriends";home: +7(932)508-81-10;work: +7(928)614-35-25;self: +7(950)271-05-14;
683;Jonathan;Conors;07.04.1975;"Titan";home: +7(963)973-39-75;work: +7(907)364-14-08;
684;Ella;Webster;22.06.1989;"Confiture";home: +7(913)623-25-92;
685;Ariana;Anderson;15.10.1962;"Home";home: +7(966)837-84-09;work: +7(901)822-03-54;
686;Roger;Ferguson;10.01.2003;"Aurora";home: +7(948)390-47-76;work: +7(960)069-45-51;
687;Jordan;Sheldon;11.09.1967;"Grandee";home: +7(999)824-14-67;work: +7(977)749-94-55;
688;Joshua;Hodges;09.13.1992;"Pops";home: +7(937)936-75-10;
689;Rachel;Addington;06.11.2000;"Luxury";home: +7(970)914-60-55;
690;Aidan;Dyson;08.03.1973;"Roses";home: +7(941)916-84-11;work: +7(922)006-25-01;self: +7(966)634-66-06;
691;Sylvia;Durham;20.04.1977;"Women's World";home: +7(920)001-05-72;work: +7(945)721-16-22;
692;Wyatt;Ogden;06.10.1963;"Bee";home: +7(907)147-17-43;
693;Diego;Samuels;07.02.1992;"Titan";home: +7(994)107-10-52;work: +7(922)663-03-90;self: +7(918)513-00-29;
694;Priscilla;Dunce;24.06.1968;"Crazy";home: +7(902)165-74-66;work: +7(998)684-62-10;self: +7(929)011-39-47;
695;Diego;Gilmore;16.11.1950;"Lesya";home: +7(939)621-29-16;
696;Hugh;Forster;03.09.1963;"Confiture";home: +7(984)476-10-21;work: +7(921)246-13-22;
697;Madison;Taft;07.04.1987;"Cleopatra";home: +7(949)599-33-16;
698;Lynn;Coleman;03.06.1971;"Dream";home: +7(985)397-78-55;work: +7(960)809-62-25;
699;Claire;Durham;03.07.1973;"Assol";home: +7(977)844-48-37;work: +7(995)202-07-82;
700;Philip;Fleming;10.10.1960;"Light";home: +7(988)355-55-14;work: +7(995)777-72-63;self: +7(955)428-68-16;
701;Gloria;Kingsman;26.03.1998;"1000 islands";home: +7(990)109-10-61;
702;Evan;Youmans;25.04.1955;"Dream";home: +7(911)910-13-41;
703;Leslie;Lewin;27.07.1973;"Acropolis";home: +7(968)968-33-67;
704;Adrian;Sherlock;07.07.1957;"Dream";home: +7(943)045-31-39;work: +7(907)934-66-74;self: +7(996)236-16-82;
705;Lawrence;Milton;26.01.1996;"Rif Town";home: +7(927)860-25-54;work: +7(957)532-28-99;self: +7(947)311-10-22;
706;Celia;Gibbs;13.11.1998;"MegaPort";home: +7(967)113-76-77;work: +7(907)757-81-44;
707;Amanda;Gustman;08.09.1965;"Paradise";home: +7(956)638-56-20;work: +7(988)969-80-38;self: +7(979)705-94-14;
708;Christopher;Flannagan;23.04.1971;"Success";home: +7(920)258-96-75;
709;Seth;Jenkin;07.11.1995;"Crazy";home: +7(972)033-60-47;work: +7(980)965-59-69;
710;Miguel;Macduff;18.07.1972;"Hairpin";home: +7(989)087-71-28;work: +7(902)951-06-92;
711;Devin;Dean;19.10.1977;"Alfa +";home: +7(902)022-71-69;
712;Evelyn;Hancock;17.11.1987;"Pleasure";home: +7(940)472-16-99;
713;Luccile;Vance;28.08.1952;"Light";home: +7(988)618-21-13;
714;Savannah;Crossman;15.13.1994;"BizLand";home: +7(979)120-24-45;work: +7(918)606-73-95;
715;Mildred;Macey;15.04.1970;"Iris";home: +7(953)126-18-09;work: +7(936)507-62-84;
716;Lawrence;Roger;10.01.1967;"Day";home: +7(989)365-44-80;
717;Jason;Warren;02.07.1984;"MegaPort";home: +7(965)535-32-33;work: +7(938)215-31-08;
718;Emily;Milton;09.12.1993;"Girlfriends";home: +7(972)281-65-23;
719;Eleanor;Jacobson;26.02.1989;"Eve";home: +7(946)691-08-71;
720;Miles;Durham;09.06.1989;"Home";home: +7(970)973-12-38;
721;Aaliyah;Otis;17.01.1990;"Aurora";home: +7(953)469-38-38;
722;Stanley;Jones;01.11.1976;"Crazy";home: +7(987)924-83-38;work: +7(994)692-36-80;
723;Robert;Fleming;15.12.1998;"Iris";home: +7(918)952-23-89;
724;Anita;Marshman;13.04.1961;"Board of Directors";home: +7(920)681-88-27;work: +7(934)956-85-62;self: +7(970)004-82-00;
725;Aidan;Fitzgerald;25.11.1989;"Love";home: +7(996)007-18-30;work: +7(923)761-80-56;self: +7(940)134-56-81;
726;Roger;Porter;24.05.1992;"Mir World";home: +7(999)657-19-65;
727;Raymond;Timmons;08.01.1987;"Luxury";home: +7(950)365-55-56;
728;Gabriella;Campbell;11.11.1960;"Choco";home: +7(966)026-64-45;work: +7(940)880-20-66;self: +7(956)219-44-35;
729;Abigail;Archibald;02.10.2003;"Light";home: +7(974)496-90-55;
730;Jasmine;Bawerman;01.06.1980;"Like we have on fire";home: +7(962)986-91-67;work: +7(951)118-93-85;self: +7(944)841-00-81;
731;Howard;Derrick;20.03.1957;"Confetti";home: +7(975)903-39-27;work: +7(927)318-50-51;
732;Kevin;Crossman;27.09.1981;"Eve";home: +7(979)622-16-47;
733;Luke;Finch;21.04.1979;"Alfa +";home: +7(935)531-71-19;
734;Vanessa;Haig;11.02.1981;"Eve";home: +7(962)803-94-18;work: +7(936)230-72-94;self: +7(966)266-81-20;
735;Gabriella;Carter;08.05.2005;"Point";home: +7(902)742-02-51;
736;Jesse;Clifford;08.06.2004;"Brandyck";home: +7(970)867-39-59;work: +7(964)719-66-38;
737;Thomas;Jerome;15.03.1989;"Alfa";home: +7(990)252-88-61;work: +7(956)234-62-72;self: +7(966)671-91-53;
738;Joshua;Fulton;17.13.1974;"Light";home: +7(976)645-78-87;work: +7(964)451-14-39;self: +7(966)117-94-15;
739;Jeffery;Brickman;23.10.1952;"Love";home: +7(924)847-50-17;
740;Evan;Mathews;20.12.1975;"Female";home: +7(952)320-90-34;work: +7(962)599-71-35;
741;Gregory;Douglas;16.03.1999;"Toffee";home: +7(943)822-27-80;work: +7(947)182-34-24;
742;Danielle;Young;04.08.1997;"Happy and free";home: +7(919)357-00-61;work: +7(983)391-54-82;self: +7(906)040-73-78;
743;Gloria;Neal;10.03.1968;"Interest";home: +7(985)578-51-42;work: +7(925)806-84-89;self: +7(905)968-00-41;
744;Jasmine;Croftoon;15.12.1983;"Paradise";home: +7(921)236-01-65;
745;Cole;Stephen;05.08.1993;"Lesya";home: +7(921)957-61-69;work: +7(956)780-02-66;
746;Adelina;Stanley;24.09.1984;"Golden";home: +7(928)460-59-94;work: +7(962)839-47-46;self: +7(901)488-73-98;
747;Robert;Dickinson;16.02.1981;"Like we have on fire";home: +7(922)074-14-64;work: +7(949)281-01-99;
748;Brianna;Conors;03.04.2005;"Eve";home: +7(944)838-43-82;work: +7(955)292-98-84;self: +7(951)351-30-75;
749;Allison;Peterson;25.09.1955;"Home";home: +7(921)992-72-94;work: +7(918)734-12-93;
750;Eleanor;Arnold;03.12.1983;"Alfa +";home: +7(965)404-45-27;work: +7(934)332-74-02;self: +7(923)999-25-78;
751;Luccile;Higgins;29.08.1959;"Grandee";home: +7(927)438-15-51;work: +7(991)921-90-23;
752;Zoe;Fulton;22.08.1952;"Point";home: +7(937)136-77-00;
753;Lillian;Albertson;01.04.1981;"Luxury";home: +7(981)011-14-99;work: +7(994)281-77-28;self: +7(965)675-23-66;
754;Gordon;Peterson;27.01.1987;"Golden";home: +7(963)428-16-59;
755;Agatha;Fitzgerald;18.02.1987;"Confiture";home: +7(934)925-13-41;
756;Jada;Parkinson;14.01.1993;"Branded";home: +7(947)371-73-13;work: +7(966)457-22-15;self: +7(934)235-10-80;
757;Winifred;Miller;07.12.1998;"Sweet";home: +7(925)412-21-67;work: +7(942)140-79-41;self: +7(979)117-64-26;
758;Cole;Carter;12.04.1973;"City Dweller";home: +7(932)575-82-92;work: +7(950)225-55-40;self: +7(988)581-31-47;
759;Gordon;Foster;14.11.1990;"Iris";home: +7(957)049-86-36;work: +7(923)426-69-09;
760;Chloe;Howard;05.07.1990;"Pleasure";home: +7(972)935-90-25;work: +7(988)252-45-04;self: +7(998)932-28-75;
761;Nicholas;Little;20.03.1960;"Brandyck";home: +7(932)595-79-83;work: +7(969)857-01-81;self: +7(948)921-73-80;
762;Angel;Bradberry;19.10.1996;"Aurora";home: +7(925)421-39-65;work: +7(926)514-35-29;self: +7(965)510-86-81;
763;Eleanor;Baldwin;24.02.1977;"Workers";home: +7(969)583-67-36;
764;Adelina;Ralphs;20.06.1952;"Violet";home: +7(910)596-43-16;work: +7(949)862-82-61;self: +7(997)817-22-13;
765;Kaylee;Higgins;24.02.1994;"MegaPort";home: +7(985)748-01-79;work: +7(956)549-94-71;
766;Brooke;Turner;11.03.1956;"Light";home: +7(941)188-86-27;work: +7(999)958-14-38;self: +7(941)419-79-01;
767;Carlos;Bradberry;06.07.2002;"Eve";home: +7(926)397-25-93;work: +7(916)943-82-79;
768;Riley;MacAlister;13.01.1958;"Maybe";home: +7(994)473-95-06;work: +7(930)254-87-78;self: +7(915)400-12-37;
769;Violet;Turner;14.02.2003;"Brandyck";home: +7(985)968-46-00;work: +7(913)645-86-06;self: +7(925)792-26-25;
770;Barbara;Mathews;07.08.1955;"Maybe";home: +7(957)674-00-81;work: +7(908)150-53-42;
771;Kathryn;Smith;24.04.1951;"Pony";home: +7(941)883-72-94;
772;Ariana;Hardman;18.03.1965;"Toffee";home: +7(936)833-81-34;work: +7(936)603-49-23;self: +7(987)165-16-99;
773;Sara;Holmes;05.02.1964;"Iris";home: +7(928)110-11-10;work: +7(922)675-48-66;
774;Sebastian;Dutton;17.08.1984;"Mir World";home: +7(925)853-38-99;work: +7(971)704-34-80;
775;Jordan;Watson;22.12.1998;"Not just a business";home: +7(916)969-17-70;
776;Richard;Farrell;16.02.1980;"Manna";home: +7(962)568-89-18;work: +7(925)280-24-87;
777;Richard;Oswald;20.12.1986;"Gatherings";home: +7(991)515-45-37;work: +7(916)282-16-54;self: +7(980)656-41-62;
778;Reginald;Simpson;10.10.1970;"Your Delight Sweet Friday";home: +7(956)673-30-30;
779;Carter;Blare;19.08.1964;"Tumblers";home: +7(932)929-53-59;work: +7(986)085-86-68;
780;Herbert;Wayne;11.04.1969;"Alfa +";home: +7(983)712-96-32;work: +7(921)562-71-02;self: +7(915)933-75-55;
781;Faith;Flatcher	;16.12.1961;"Ocean";home: +7(976)737-33-37;
782;Riley;Cook;26.12.2002;"Victory";home: +7(960)575-28-54;
783;Gerld;Gate;17.06.1962;"Victory";home: +7(913)597-80-91;work: +7(921)503-63-97;self: +7(929)829-66-33;
784;Miles;Murphy;29.08.1971;"Palace";home: +7(916)191-34-29;work: +7(909)642-44-43;
785;Jesse;Hoggarth;14.03.1985;"Workers";home: +7(945)955-53-10;
786;Shirley;Cook;15.12.1955;"Mega brand";home: +7(949)444-35-35;
787;Mildred;Brown;20.13.1986;"Madam";home: +7(981)711-81-70;
788;Mackenzie;Croftoon;16.09.1994;"Paradise";home: +7(936)011-64-81;work: +7(943)040-45-20;
789;Winifred;Sykes;15.08.1985;"Roksolana";home: +7(989)636-25-63;
790;Anthony;Palmer;29.08.2000;"Female";home: +7(903)621-00-43;work: +7(985)722-99-95;self: +7(917)833-95-63;
791;Jeffery;Thornton;05.02.1955;"Madam";home: +7(936)798-17-18;work: +7(935)896-76-34;
792;Wallace;Dickinson;04.01.1995;"Madam";home: +7(985)960-68-16;work: +7(912)956-12-57;
793;Bruce;Blomfield;13.11.1979;"Joy";home: +7(951)276-32-34;work: +7(914)054-84-05;self: +7(908)894-40-34;
794;Raymond;Macey;29.13.1969;"Iris";home: +7(955)651-57-29;
795;Caleb;Kirk;03.04.1993;"Glaze ";home: +7(907)422-32-32;work: +7(936)628-55-10;self: +7(949)223-13-80;
796;Olivia;Davidson;19.13.1986;"Bee";home: +7(927)380-39-44;
797;Adam;Thorndike;23.01.1959;"Manna";home: +7(992)658-95-34;
798;Gilbert;Reynolds;06.11.1968;"Palace";home: +7(913)565-44-80;work: +7(946)491-79-38;
799;Thomas;Owen;20.06.1950;"Temptation";home: +7(931)378-91-03;work: +7(941)314-17-52;self: +7(964)271-21-76;
800;Angelina;Oakman;04.08.1999;"Babylon";home: +7(940)974-12-49;
801;Zachary;Porter;27.04.1955;"Violet";home: +7(902)965-51-72;
802;Paige;Bargeman;05.09.1991;"MegaKorp";home: +7(937)684-52-10;
803;Benjamin;Freeman;13.12.1997;"Crazy";home: +7(903)510-44-50;work: +7(945)857-61-98;self: +7(946)993-61-60;
804;Jocelyn;Goodman;08.06.1963;"Mega brand";home: +7(917)390-23-72;work: +7(974)773-24-66;self: +7(910)940-07-19;
805;Sylvia;Smith;07.02.2005;"Pony";home: +7(940)648-87-88;work: +7(901)452-61-68;self: +7(905)776-78-15;
806;Mildred;Gate;23.04.1992;"Bee";home: +7(941)052-78-71;
807;Bridjet;Molligan;07.03.1965;"Roksolana";home: +7(951)190-28-06;work: +7(982)627-88-52;
808;Anita;Shackley;17.13.1970;"Crazy";home: +7(941)006-51-20;work: +7(966)342-20-32;self: +7(932)870-49-02;
809;Diana;Blomfield;27.02.1995;"Big Bee";home: +7(908)085-08-54;work: +7(961)352-85-29;
810;Alfred;Donaldson;01.12.1975;"Little";home: +7(907)030-62-12;work: +7(978)310-96-17;self: +7(928)155-12-51;
811;Allison;Parson;03.05.1985;"Box-Lollipop";home: +7(967)070-29-17;work: +7(961)284-81-27;
812;Norman;Baldwin;25.04.1959;"Stylish and strong";home: +7(985)419-77-94;
813;Beatrice;Lawman;27.02.1984;"Toffee";home: +7(952)853-39-76;
814;Zoe;Derrick;24.06.1995;"Finam";home: +7(980)478-84-86;work: +7(954)609-04-97;self: +7(970)033-68-93;
815;Caroline;Gerald;25.09.1969;"Orlando";home: +7(970)716-66-21;
816;Thomas;Fulton;28.06.1990;"Happy and free";home: +7(926)026-84-12;
817;Cecilia;Warren;03.13.1987;"Point";home: +7(958)707-11-13;work: +7(956)334-07-02;self: +7(951)745-67-82;
818;Sharon;Salomon;22.03.1959;"М1";home: +7(996)886-98-56;work: +7(940)031-75-74;
819;Gabriella;Laird;25.07.1963;"Interest";home: +7(932)392-06-62;work: +7(968)106-51-00;
820;Emily;Jerome;09.03.1991;"MegaPort";home: +7(971)068-66-94;work: +7(959)234-10-28;
821;Gabriella;Dodson;13.03.1975;"MegaPort";home: +7(962)622-67-71;
822;Josephine;Freeman;09.11.1950;"Golden";home: +7(944)879-10-76;work: +7(970)262-26-08;
823;Paige;Adderiy;11.07.1954;"Gatherings";home: +7(933)362-38-49;work: +7(948)382-58-09;
824;Ashley;Austin;07.01.1986;"Babylon";home: +7(930)533-44-99;work: +7(910)792-62-15;
825;Leah;Jones;07.06.1991;"Planet";home: +7(936)142-42-26;work: +7(979)477-54-83;self: +7(985)027-22-30;
826;Thomas;Bargeman;25.11.1992;"Not only blondes";home: +7(994)905-14-02;work: +7(980)391-41-82;
827;Alyssa;Keat;07.03.2000;"Inspiration";home: +7(967)300-61-22;work: +7(903)519-42-76;self: +7(965)308-71-35;
828;Barbara;Andrews;04.07.1998;"Stylish and strong";home: +7(963)508-57-31;
829;Malcolm;WifKinson;11.08.1962;"Victory";home: +7(906)137-06-63;
830;Luccile;Wesley;27.10.2003;"Teremok";home: +7(903)429-30-10;work: +7(912)587-75-25;
831;Amber;Black;13.09.1971;"Assol";home: +7(947)100-69-56;work: +7(909)255-24-11;self: +7(906)645-87-48;
832;Margaret;Hancock;13.05.1957;"Babylon";home: +7(988)612-84-45;
833;Julian;Barnes;05.10.1978;"Bee";home: +7(932)113-73-60;work: +7(901)561-03-60;self: +7(958)729-63-95;
834;Jeffery;Eddington;02.06.1988;"Orlando";home: +7(936)500-63-99;work: +7(945)880-76-80;
835;Herbert;Fulton;23.04.1966;"Planet";home: +7(934)624-82-33;work: +7(975)550-62-34;self: +7(979)043-90-38;
836;Ronald;Quincy;21.03.2005;"Madam";home: +7(900)891-73-52;work: +7(903)450-95-73;
837;Sarah;Miers;07.02.1978;"Eve";home: +7(984)637-43-69;
838;Alexa;Mansfield;10.13.1991;"Happy and free";home: +7(972)269-57-69;work: +7(928)573-00-23;self: +7(963)026-97-47;
839;Hayden;Oldman;28.11.1961;"Lally";home: +7(971)151-21-59;work: +7(999)620-13-32;
840;Taylor;Roberts;19.08.1960;"Hive";home: +7(935)537-70-76;work: +7(933)817-28-57;
841;Ariana;Wood;22.07.1974;"Branded";home: +7(938)383-23-36;work: +7(917)531-87-77;
842;Horace;Paterson;04.06.1962;"Pops";home: +7(969)238-63-80;work: +7(989)331-92-08;
843;Brian;Crossman;06.12.1951;"Lally";home: +7(941)314-54-88;
844;Aaron;Ford;27.11.1975;"Temptation";home: +7(930)091-92-66;work: +7(993)678-83-29;self: +7(933)392-16-03;
845;Lynn;Carroll;17.08.1952;"BizLand";home: +7(936)762-19-89;
846;Zachary;Holmes;01.12.1951;"Little";home: +7(948)080-61-77;work: +7(968)424-20-43;
847;Brandon;Vance;02.08.1971;"Little";home: +7(920)120-85-65;
848;George;Berrington;10.07.1993;"Pops";home: +7(973)457-96-69;work: +7(909)682-09-10;self: +7(982)644-53-06;
849;Alexis;Oakman;10.11.1953;"Yoke";home: +7(929)711-41-30;work: +7(930)143-63-22;self: +7(903)551-61-50;
850;Jaden;Kennett;11.08.1996;"Fortuna";home: +7(952)243-02-83;
851;Alejandro;Wood;05.06.1976;"1000 islands";home: +7(937)143-71-91;
852;Jake;Chandter;25.08.1991;"Delight";home: +7(978)730-43-88;
853;Jasmine;Kirk;04.11.1950;"Love";home: +7(903)057-38-92;
854;Raymond;Hamphrey;26.11.1997;"Our gatherings";home: +7(910)277-77-75;work: +7(965)711-27-88;self: +7(979)851-27-42;
855;Evan;Blomfield;26.08.2001;"Palace";home: +7(937)641-12-82;work: +7(941)263-46-83;self: +7(921)567-59-49;
856;Howard;Francis;02.08.1958;"Workers";home: +7(929)227-16-47;work: +7(914)681-05-97;self: +7(915)934-73-84;
857;Miguel;Oldridge;17.13.1979;"Vavilon";home: +7(973)030-58-90;
858;Leah;Owen;12.01.1984;"Crazy";home: +7(994)994-42-75;
859;Steven;Miller;27.09.1959;"Planet";home: +7(963)662-12-96;work: +7(911)025-63-43;
860;Isabella;Allford;01.10.1976;"Golden";home: +7(948)573-96-76;work: +7(987)198-31-19;self: +7(915)084-98-13;
861;Jayden;Barrington;11.02.1990;"Diesel";home: +7(961)852-87-66;work: +7(971)839-83-58;self: +7(945)715-42-99;
862;Madison;Baldwin;27.09.1962;"Like we have on fire";home: +7(936)977-17-99;
863;Mildred;Goldman;18.02.1956;"Hairpin";home: +7(922)076-21-30;work: +7(919)406-74-36;
864;Chase;Clapton;14.07.1974;"Acropolis";home: +7(941)519-43-31;work: +7(918)476-14-07;self: +7(979)913-66-04;
865;Jordan;Oldridge;17.07.1958;"Acropolis";home: +7(994)204-37-55;
866;Rebecca;Turner;19.10.1960;"Stylish and strong";home: +7(980)412-57-39;work: +7(973)032-61-19;
867;Charles;Francis;03.09.1954;"Board of Directors";home: +7(908)675-37-89;work: +7(962)753-54-12;
868;Lauren;Hodges;18.01.1974;"SKY LINE";home: +7(990)855-59-83;work: +7(933)024-44-18;self: +7(997)210-31-87;
869;Paige;Gimson;15.10.2003;"Little";home: +7(920)636-63-95;work: +7(907)041-18-06;self: +7(924)268-91-02;
870;Nicholas;Arthurs;26.07.1987;"Titan";home: +7(966)647-93-94;
871;Delia;Freeman;10.08.1978;"MegaPort";home: +7(934)993-55-02;
872;Roger;Conors;03.11.1976;"Your Delight Sweet Friday";home: +7(928)663-95-69;work: +7(909)572-62-85;self: +7(909)645-39-21;
873;Jane;Fane;24.12.1992;"Eve";home: +7(942)604-90-65;
874;Leah;Becker;27.07.1974;"Pony";home: +7(994)015-35-56;work: +7(980)924-46-88;
875;Mia;Anderson;22.04.1992;"Planet";home: +7(940)632-84-80;work: +7(911)848-78-08;self: +7(922)593-28-26;
876;Patrick;Kirk;21.06.1976;"Pony";home: +7(910)005-22-92;work: +7(910)155-87-61;self: +7(972)004-33-06;
877;Audrey;Miln;21.11.2002;"Dream";home: +7(986)143-58-36;
878;Haley;Neal;28.11.1993;"MegaKorp";home: +7(934)613-63-93;
879;Mary;Ellington;08.09.1971;"Crazy";home: +7(973)681-51-36;
880;Andrew;Nash;19.09.1987;"Girlfriends";home: +7(997)781-32-72;
881;Isabella;Nash;15.09.1994;"Crazy";home: +7(960)082-92-80;
882;Martin;Becker;19.12.1982;"Golden";home: +7(915)009-38-42;
883;Mildred;Holmes;19.11.1950;"Milady";home: +7(916)681-60-12;work: +7(983)099-33-33;self: +7(919)588-71-76;
884;Andrew;Mathews;16.11.1995;"Titan";home: +7(992)968-89-89;
885;Lewis;Lewin;24.09.1993;"MegaPort";home: +7(929)737-41-59;work: +7(953)663-19-66;self: +7(971)575-04-53;
886;Luke;Austin;13.08.1961;"Your Delight Sweet Friday";home: +7(922)340-26-67;work: +7(927)501-20-49;
887;Beatrice;Alsopp;12.13.1998;"Joy";home: +7(992)942-09-47;work: +7(975)886-79-40;
888;Oscar;Attwood;09.12.1983;"Golden";home: +7(982)697-02-71;work: +7(904)046-88-33;
889;Ryan;James;18.02.1966;"Our gatherings";home: +7(935)485-07-89;work: +7(923)286-15-28;
890;Matthew;Philips;15.08.1968;"Gatherings";home: +7(990)359-42-47;
891;Ashton;Flatcher	;04.06.1953;"Milady";home: +7(944)011-60-34;work: +7(905)898-56-83;
892;Samuel;Hailey;22.03.1999;"Assol";home: +7(910)676-28-55;work: +7(963)298-42-49;
893;Sydney;Boolman;18.13.1982;"Turn";home: +7(972)823-45-14;work: +7(972)572-47-01;
894;Eric;Sykes;25.07.2001;"Eve";home: +7(904)308-07-31;work: +7(966)047-71-01;self: +7(984)956-47-28;
895;Ashton;Donovan;05.03.2001;"Mega brand";home: +7(973)126-72-04;
896;Alexandra;Saunder;01.12.1951;"Acropolis";home: +7(986)528-63-52;work: +7(983)279-85-56;self: +7(932)775-57-76;
897;Alexis;Derrick;17.04.1962;"Grandee";home: +7(910)075-00-42;work: +7(975)755-08-46;self: +7(909)577-30-77;
898;Reginald;Simpson;24.02.1971;"Hairpin";home: +7(979)768-02-45;
899;Luccile;Chesterton;29.07.1984;"Pleasure";home: +7(943)885-37-86;work: +7(913)728-91-48;
900;Sydney;Chapman;03.04.1978;"Female";home: +7(948)530-93-40;work: +7(950)805-83-49;self: +7(953)546-60-95;
901;Simon;Garrison;29.05.2001;"Your Delight Sweet Friday";home: +7(955)488-89-15;work: +7(905)913-93-73;
902;Ada;Neal;06.02.1976;"Titan";home: +7(926)575-78-01;
903;Martin;Berrington;18.02.1993;"Pleasure";home: +7(913)596-49-01;work: +7(925)918-36-77;
904;Barbara;Kelly;15.03.1982;"Roses";home: +7(964)259-85-82;work: +7(981)813-11-21;
905;Lily;Abramson;28.01.2004;"Mir World";home: +7(983)577-59-45;work: +7(968)485-40-14;self: +7(945)769-29-04;
906;Mia;Bradshaw;27.03.2003;"City Dweller";home: +7(909)648-37-33;work: +7(990)894-49-14;
907;Catherine;Addington;17.12.1974;"Girlfriends";home: +7(958)953-40-85;work: +7(947)794-85-90;
908;Hailey;MacAdam;25.06.1976;"Rif Town";home: +7(923)340-48-92;
909;Alexis;Vaughan;24.10.1992;"Violet";home: +7(927)160-26-31;work: +7(965)998-13-36;
910;Alexis;Ryder;12.04.1998;"Joy";home: +7(958)592-83-36;
911;Howard;White;13.12.1984;"SKY LINE";home: +7(948)390-23-72;work: +7(998)875-84-43;
912;Emma;Taylor;18.13.1961;"Bee";home: +7(974)645-19-29;work: +7(977)336-04-82;
913;Violet;Black;16.09.1959;"Rif Town";home: +7(969)094-48-04;work: +7(958)605-56-29;
914;Chase;Gill;27.04.1997;"Bee";home: +7(913)611-92-78;work: +7(944)612-63-56;self: +7(939)209-81-15;
915;Chloe;Farmer;06.11.1956;"EuroPlan";home: +7(939)699-46-43;work: +7(907)125-93-05;self: +7(994)045-72-82;
916;Jacob;Daniels;02.08.1990;"Mega brand";home: +7(967)112-23-46;
917;Benjamin;Holmes;12.12.1988;"Big Bee";home: +7(959)019-75-17;work: +7(976)500-92-50;
918;Susan;Nyman;11.05.2003;"Confiture";home: +7(970)961-26-17;work: +7(946)416-65-05;
919;Ada;Benson;22.08.1975;"Pony";home: +7(914)118-74-82;
920;Benjamin;Lewin;11.10.1954;"Gatherings";home: +7(955)080-28-82;
921;Helen;Watson;05.01.1979;"EuroPlan";home: +7(970)666-38-39;work: +7(924)236-07-37;
922;Miguel;Austin;05.11.1976;"Light";home: +7(923)276-84-08;work: +7(975)135-16-27;
923;Alfred;Kingsman;05.03.1981;"Home";home: +7(932)000-28-38;
924;Helen;Austin;27.06.1992;"Roksolana";home: +7(982)919-84-33;work: +7(947)638-48-60;self: +7(969)829-25-15;
925;Alyssa;MacAlister;16.01.1958;"Chocolate";home: +7(986)115-71-08;work: +7(956)937-74-68;self: +7(956)170-04-24;
926;Isabel;Kirk;26.12.1967;"SKY LINE";home: +7(999)216-27-15;
927;Ralph;Hawkins;08.08.1950;"Choco";home: +7(909)048-52-62;
928;Rebecca;Ayrton;16.08.2002;"Box-Lollipop";home: +7(999)037-26-29;
929;Graham;Larkins;10.10.1967;"Diesel";home: +7(972)498-45-26;work: +7(904)884-27-02;
930;Cole;Timmons;18.05.1967;"Chocolate";home: +7(982)212-00-67;work: +7(921)322-71-63;
931;David;Fisher;18.07.1986;"Success";home: +7(926)701-74-98;work: +7(941)241-75-80;
932;Allison;Gilmore;21.05.1961;"Lady";home: +7(965)927-86-86;work: +7(964)584-01-79;
933;Morgan;Baldwin;18.04.1981;"Finam";home: +7(962)454-74-79;
934;Nicole;Jenkin;29.13.1984;"Point";home: +7(951)583-45-12;work: +7(969)743-10-46;self: +7(975)130-19-45;
935;Madison;Black;15.01.1952;"Alfa";home: +7(977)486-05-65;work: +7(995)283-93-85;
936;Isaiah;Audley;10.12.1959;"Choco";home: +7(977)223-75-37;work: +7(956)216-12-11;
937;Philip;Carey;05.06.1996;"Pony";home: +7(976)495-38-62;work: +7(929)753-06-19;
938;Pamela;Nevill;09.03.1987;"Joy";home: +7(996)771-48-38;work: +7(905)285-81-90;self: +7(921)447-79-36;
939;Jessica;Archibald;22.06.1997;"Ocean";home: +7(926)234-37-15;work: +7(944)741-74-36;
940;Katelyn;Little;19.10.1973;"Pops";home: +7(963)588-80-96;
941;Isaiah;Lamberts;10.04.1954;"MegaPort";home: +7(965)756-28-12;work: +7(976)618-24-55;self: +7(911)887-69-24;
942;Nancy;Tracey;22.13.1998;"Palace";home: +7(963)236-93-47;work: +7(915)468-30-72;
943;Susan;Chesterton;25.02.1977;"Alfa +";home: +7(908)051-67-78;work: +7(999)305-31-17;
944;Ashley;Dutton;25.10.2003;"Luxury";home: +7(975)435-43-00;
945;Mildred;Neal;12.06.1959;"Titan";home: +7(953)324-88-98;work: +7(974)454-77-78;
946;Donald;Babcock;08.03.1978;"Crazy";home: +7(927)056-91-36;work: +7(973)759-67-76;self: +7(928)583-04-07;
947;Gabrielle;Gate;06.10.1970;"Bee";home: +7(958)050-49-19;work: +7(963)159-07-63;
948;Ronald;Dyson;08.07.1976;"Female";home: +7(971)131-65-43;work: +7(997)796-37-11;
949;Marjorie;Jenkin;20.11.1974;"Titan";home: +7(901)364-39-03;work: +7(995)574-70-18;self: +7(919)613-01-08;
950;Elizabeth;Chapman;10.09.1959;"Diesel";home: +7(918)769-44-57;work: +7(924)948-53-66;self: +7(987)601-03-71;
951;Austin;White;23.08.1965;"Light";home: +7(926)623-86-97;
952;Michelle;Michaelson;23.04.1994;"Tumblers";home: +7(975)272-11-61;work: +7(923)946-10-84;
953;Bailey;Hawkins;01.11.1989;"Joy";home: +7(995)462-83-23;
954;Makayla;Holmes;28.08.1964;"Eve";home: +7(994)330-01-92;
955;Jessica;Blomfield;26.11.1955;"Box-Lollipop";home: +7(994)072-76-76;work: +7(906)653-95-90;self: +7(960)497-20-06;
956;Lucas;Salisburry;19.08.1996;"Alfa";home: +7(906)611-92-34;work: +7(910)353-33-75;self: +7(931)303-48-21;
957;Patrick;Ford;12.01.1972;"Rif Town";home: +7(914)712-08-25;
958;Owen;Milton;18.05.2005;"Tumblers";home: +7(943)593-95-98;
959;Margaret;Clifford;01.11.1991;"Workers";home: +7(939)467-65-99;
960;Kaylee;Allford;05.06.1990;"Mir World";home: +7(941)395-66-26;work: +7(911)303-21-82;self: +7(997)529-65-15;
961;Diego;Mackenzie;29.01.1996;"SKY LINE";home: +7(925)425-43-18;work: +7(943)301-04-99;
962;Bruce;Michaelson;10.04.1986;"Cleopatra";home: +7(951)920-87-82;work: +7(972)862-25-57;self: +7(986)443-07-23;
963;Carlos;Youmans;18.05.1983;"Little";home: +7(957)266-88-47;work: +7(908)883-41-99;self: +7(971)088-00-83;
964;Cole;Bishop;14.13.1974;"Assol";home: +7(954)701-26-29;work: +7(963)808-80-38;
965;Alexander;Tracey;22.01.1953;"Light";home: +7(944)141-16-82;work: +7(913)991-83-53;self: +7(968)373-29-81;
966;Oscar;Wesley;17.08.1988;"Chocolate";home: +7(967)150-27-22;
967;Barbara;Peterson;21.06.1992;"Pops";home: +7(962)834-49-63;work: +7(958)171-83-46;
968;Diana;Nathan;25.03.1966;"Luxury";home: +7(907)029-33-86;work: +7(989)947-41-29;
969;Melissa;James;17.03.1965;"Point";home: +7(902)163-09-03;work: +7(905)127-14-81;
970;Mary;Keat;08.02.1982;"Rif Town";home: +7(998)972-80-36;work: +7(924)791-73-51;self: +7(960)972-06-91;
971;George;Chapman;26.02.1982;"Milady";home: +7(956)547-13-24;work: +7(997)617-68-38;self: +7(965)310-60-29;
972;Kevin;Attwood;06.01.1951;"Bee";home: +7(920)039-12-93;
973;Isaiah;Kelly;02.09.1989;"Babylon";home: +7(999)598-57-28;work: +7(963)455-68-56;self: +7(962)677-40-33;
974;Aaliyah;Larkins;12.04.1983;"Light";home: +7(929)588-07-89;
975;Brianna;Marlow;18.01.1960;"Brandyck";home: +7(914)573-65-31;work: +7(958)826-90-22;
976;Alexa;Hodges;22.06.1979;"Teremok";home: +7(912)748-91-32;work: +7(987)828-84-43;self: +7(940)861-80-46;
977;James;Thomson;22.07.1956;"ActCorp";home: +7(973)451-40-28;work: +7(975)594-07-00;self: +7(915)059-31-31;
978;Cody;Austin;26.12.1954;"Not only blondes";home: +7(981)081-61-56;
979;Shirley;Webster;04.01.2004;"Port";home: +7(990)446-65-80;
980;Francis;Chapman;17.10.1952;"Mir World";home: +7(970)576-17-10;work: +7(945)598-60-06;self: +7(961)175-39-86;
981;Eleanor;Chesterton;20.05.1999;"Pops";home: +7(954)299-10-95;work: +7(917)051-55-97;self: +7(915)089-80-69;
982;Violet;Paterson;18.03.1969;"1000 islands";home: +7(941)899-42-41;work: +7(902)233-48-42;self: +7(972)217-78-23;
983;Christian;Larkins;02.11.1970;"1000 islands";home: +7(982)382-29-67;work: +7(902)092-31-54;self: +7(989)711-22-22;
984;Trinity;Brickman;28.06.1977;"Success";home: +7(921)539-14-09;
985;Oliver;Nash;26.06.1955;"Toffee";home: +7(924)128-20-16;work: +7(907)390-23-91;
986;Adam;Thomson;27.04.1990;"Joy";home: +7(929)736-47-43;work: +7(969)640-39-51;self: +7(925)914-56-06;
987;Daniel;Kendal;27.04.1979;"Branded";home: +7(989)870-22-04;
988;Daisy;Raleigh;10.11.1977;"Persey";home: +7(913)226-14-74;
989;Kyle;Lamberts;09.08.1966;"Luxury";home: +7(933)641-89-21;work: +7(900)589-00-84;self: +7(930)486-69-30;
990;Benjamin;MacAlister;19.12.1997;"BizLand";home: +7(938)931-43-56;work: +7(990)124-07-08;self: +7(950)834-84-57;
991;Kathryn;Wayne;13.01.1964;"Roses";home: +7(903)136-00-28;work: +7(918)865-70-75;
992;Violet;Duncan;14.12.1974;"Dream";home: +7(968)335-44-96;work: +7(917)845-39-00;
993;Gabriel;Austin;03.02.1997;"MegaPort";home: +7(963)586-75-79;work: +7(973)361-94-57;
994;Jeremiah;Finch;13.13.1978;"Toffee";home: +7(950)892-80-65;work: +7(985)203-43-32;self: +7(995)195-18-45;
995;Carter;Wainwright;08.10.1976;"Sirius";home: +7(983)845-91-13;
996;Bryan;Fleming;29.10.1963;"EuroPlan";home: +7(966)009-94-18;work: +7(909)409-96-51;self: +7(951)934-91-25;
997;Ronald;Dunce;29.10.1981;"Choco";home: +7(955)836-98-68;work: +7(985)577-29-38;self: +7(931)077-21-85;
998;Herbert;Charlson;02.05.1965;"Little";home: +7(923)202-13-29;
999;Ann;Oldman;05.08.1961;"Fortuna";home: +7(978)966-76-65;
1000;Jacqueline;Harrison;17.09.1999;"Your Delight Sweet Friday";home: +7(927)815-32-55;work: +7(974)427-95-29;
